ID,名字,前景ID,背景ID,战力,先攻,防御,闪避,王者,英雄ID列表,类型,奖励Id列表,奖励权重列表,冷却时间,消耗的饱足度
1001,巨魔雕像Lv1,2004,1004,4500,5,5,0,0,18002,1,10002;10003;10004;1234633;1234634;1234635;1234636;1234637;1234638,32000;24000;16000;480000;160000;40000;24000;8000;16000,120,1200
1002,巨魔雕像Lv2,2004,1004,5500,5,5,0,0,18002,1,10002;10003;10004;1234633;1234634;1234635;1234636;1234637;1234638,32000;24000;16000;480000;160000;40000;24000;8000;16000,120,1200
1003,巨魔雕像Lv3,2004,1004,6500,5,5,0,0,18002,1,10002;10003;10004;1234633;1234634;1234635;1234636;1234637;1234638,32000;24000;16000;480000;160000;40000;24000;8000;16000,120,1200
1004,巨魔雕像Lv4,2004,1004,7500,5,5,0,0,18002,1,10002;10003;10004;1234633;1234634;1234635;1234636;1234637;1234638,32000;24000;16000;480000;160000;40000;24000;8000;16000,120,1200
1005,巨魔雕像Lv5,2004,1004,8500,5,10,0,0,18002,1,10002;10003;10004;1234633;1234634;1234635;1234636;1234637;1234638,32000;24000;16000;480000;160000;40000;24000;8000;16000,120,1200
1006,巨魔雕像Lv6,2004,1004,10500,5,10,0,0,18002,1,10002;10003;10004;1234633;1234634;1234635;1234636;1234637;1234638,32000;24000;16000;480000;160000;40000;24000;8000;16000,120,1200
1007,巨魔雕像Lv7,2004,1004,12500,5,10,0,0,18002,1,10002;10003;10004;1234633;1234634;1234635;1234636;1234637;1234638,32000;24000;16000;480000;160000;40000;24000;8000;16000,120,1200
1008,巨魔雕像Lv8,2004,1004,14500,5,10,0,0,18002,1,10002;10003;10004;1234633;1234634;1234635;1234636;1234637;1234638,32000;24000;16000;480000;160000;40000;24000;8000;16000,120,1200
1009,巨魔雕像Lv9,2004,1004,16500,5,10,0,0,18002,1,10002;10003;10004;1234633;1234634;1234635;1234636;1234637;1234638,32000;24000;16000;480000;160000;40000;24000;8000;16000,120,1200
1010,巨魔雕像Lv10,2004,1004,18500,8,15,0,0,18002,1,10002;10003;10004;1234633;1234634;1234635;1234636;1234637;1234638,32000;24000;16000;480000;160000;40000;24000;8000;16000,120,1200
1011,巨魔雕像Lv11,2004,1004,21500,10,35,20,0,18002,1,10002;10003;10004;1234633;1234634;1234635;1234636;1234637;1234638,32000;24000;16000;480000;160000;40000;24000;8000;16000,120,1300
1012,巨魔雕像Lv12,2004,1004,24500,10,35,20,0,18002,1,10002;10003;10004;1234633;1234634;1234635;1234636;1234637;1234638,32000;24000;16000;480000;160000;40000;24000;8000;16000,120,1300
1013,巨魔雕像Lv13,2004,1004,27500,10,35,20,0,18002,1,10002;10003;10004;1234633;1234634;1234635;1234636;1234637;1234638,32000;24000;16000;480000;160000;40000;24000;8000;16000,120,1300
1014,巨魔雕像Lv14,2004,1004,30500,10,35,20,0,18002,1,10002;10003;10004;1234633;1234634;1234635;1234636;1234637;1234638,32000;24000;16000;480000;160000;40000;24000;8000;16000,120,1300
1015,巨魔雕像Lv15,2004,1004,33500,10,35,20,0,18002,1,10002;10003;10004;1234633;1234634;1234635;1234636;1234637;1234638,32000;24000;16000;480000;160000;40000;24000;8000;16000,120,1300
1016,巨魔雕像Lv16,2004,1004,37500,10,35,20,0,18002,1,10002;10003;10004;1234633;1234634;1234635;1234636;1234637;1234638,32000;24000;16000;480000;160000;40000;24000;8000;16000,120,1300
1017,巨魔雕像Lv17,2004,1004,41500,10,35,20,0,18002,1,10002;10003;10004;1234633;1234634;1234635;1234636;1234637;1234638,32000;24000;16000;480000;160000;40000;24000;8000;16000,120,1300
1018,巨魔雕像Lv18,2004,1004,45500,10,35,20,0,18002,1,10002;10003;10004;1234633;1234634;1234635;1234636;1234637;1234638,32000;24000;16000;480000;160000;40000;24000;8000;16000,120,1300
1019,巨魔雕像Lv19,2004,1004,49500,10,35,20,0,18002,1,10002;10003;10004;1234633;1234634;1234635;1234636;1234637;1234638,32000;24000;16000;480000;160000;40000;24000;8000;16000,120,1300
1020,巨魔雕像Lv20,2004,1004,53500,10,35,20,0,18002,1,10002;10003;10004;1234633;1234634;1234635;1234636;1234637;1234638,32000;24000;16000;480000;160000;40000;24000;8000;16000,120,1300
1021,巨魔雕像Lv21,2004,1004,57500,10,35,20,0,18002,1,10002;10003;10004;1234633;1234634;1234635;1234636;1234637;1234638,32000;24000;16000;480000;160000;40000;24000;8000;16000,180,1400
1022,巨魔雕像Lv22,2004,1004,67000,10,35,20,0,18002,1,10002;10003;10004;1234633;1234634;1234635;1234636;1234637;1234638,32000;24000;16000;480000;160000;40000;24000;8000;16000,180,1400
1023,巨魔雕像Lv23,2004,1004,78000,10,35,20,0,18002,1,10002;10003;10004;1234633;1234634;1234635;1234636;1234637;1234638,32000;24000;16000;480000;160000;40000;24000;8000;16000,180,1400
1024,巨魔雕像Lv24,2004,1004,89000,10,35,20,0,18002,1,10002;10003;10004;1234633;1234634;1234635;1234636;1234637;1234638,32000;24000;16000;480000;160000;40000;24000;8000;16000,180,1400
1025,巨魔雕像Lv25,2004,1004,100000,10,35,20,0,18002,1,10002;10003;10004;1234633;1234634;1234635;1234636;1234637;1234638,32000;24000;16000;480000;160000;40000;24000;8000;16000,180,1400
1026,巨魔雕像Lv26,2004,1004,130000,10,35,20,0,18002,1,10002;10003;10004;1234633;1234634;1234635;1234636;1234637;1234638,32000;24000;16000;480000;160000;40000;24000;8000;16000,180,1400
1027,巨魔雕像Lv27,2004,1004,160000,10,35,20,0,18002,1,10002;10003;10004;1234633;1234634;1234635;1234636;1234637;1234638,32000;24000;16000;480000;160000;40000;24000;8000;16000,180,1400
1028,巨魔雕像Lv28,2004,1004,190000,10,35,20,0,18002,1,10002;10003;10004;1234633;1234634;1234635;1234636;1234637;1234638,32000;24000;16000;480000;160000;40000;24000;8000;16000,180,1400
1029,巨魔雕像Lv29,2004,1004,220000,10,35,20,0,18002,1,10002;10003;10004;1234633;1234634;1234635;1234636;1234637;1234638,32000;24000;16000;480000;160000;40000;24000;8000;16000,180,1400
1030,巨魔雕像Lv30,2004,1004,250000,10,35,20,0,18002,1,10002;10003;10004;1234633;1234634;1234635;1234636;1234637;1234638,32000;24000;16000;480000;160000;40000;24000;8000;16000,180,1400
1031,巨魔雕像Lv31,2004,1004,280000,10,35,20,0,18002,1,10002;10003;10004;1234633;1234634;1234635;1234636;1234637;1234638,32000;24000;16000;480000;160000;40000;24000;8000;16000,180,1500
1032,巨魔雕像Lv32,2004,1004,310000,10,35,20,0,18002,1,10002;10003;10004;1234633;1234634;1234635;1234636;1234637;1234638,32000;24000;16000;480000;160000;40000;24000;8000;16000,180,1500
1033,巨魔雕像Lv33,2004,1004,340000,10,35,20,0,18002,1,10002;10003;10004;1234633;1234634;1234635;1234636;1234637;1234638,32000;24000;16000;480000;160000;40000;24000;8000;16000,180,1500
1034,巨魔雕像Lv34,2004,1004,370000,10,35,25,0,18002,1,10002;10003;10004;1234633;1234634;1234635;1234636;1234637;1234638,32000;24000;16000;480000;160000;40000;24000;8000;16000,180,1500
1035,巨魔雕像Lv35,2004,1004,400000,10,40,25,0,18002,1,10002;10003;10004;1234633;1234634;1234635;1234636;1234637;1234638,32000;24000;16000;480000;160000;40000;24000;8000;16000,180,1500
1036,巨魔雕像Lv36,2004,1004,430000,10,40,25,0,18002,1,10002;10003;10004;1234633;1234634;1234635;1234636;1234637;1234638,32000;24000;16000;480000;160000;40000;24000;8000;16000,180,1500
1037,巨魔雕像Lv37,2004,1004,460000,10,40,25,0,18002,1,10002;10003;10004;1234633;1234634;1234635;1234636;1234637;1234638,32000;24000;16000;480000;160000;40000;24000;8000;16000,180,1500
1038,巨魔雕像Lv38,2004,1004,490000,10,40,25,0,18002,1,10002;10003;10004;1234633;1234634;1234635;1234636;1234637;1234638,32000;24000;16000;480000;160000;40000;24000;8000;16000,180,1500
1039,巨魔雕像Lv39,2004,1004,520000,10,40,30,0,18002,1,10002;10003;10004;1234633;1234634;1234635;1234636;1234637;1234638,32000;24000;16000;480000;160000;40000;24000;8000;16000,180,1500
1040,巨魔雕像Lv40,2004,1004,550000,10,45,30,0,18002,1,10002;10003;10004;1234633;1234634;1234635;1234636;1234637;1234638,32000;24000;16000;480000;160000;40000;24000;8000;16000,180,1500
1041,巨魔雕像Lv41,2004,1004,580000,10,45,30,0,18002,1,10002;10003;10004;1234633;1234634;1234635;1234636;1234637;1234638,32000;24000;16000;480000;160000;40000;24000;8000;16000,180,1600
1042,巨魔雕像Lv42,2004,1004,610000,10,45,30,0,18002,1,10002;10003;10004;1234633;1234634;1234635;1234636;1234637;1234638,32000;24000;16000;480000;160000;40000;24000;8000;16000,180,1600
1043,巨魔雕像Lv43,2004,1004,640000,10,45,30,0,18002,1,10002;10003;10004;1234633;1234634;1234635;1234636;1234637;1234638,32000;24000;16000;480000;160000;40000;24000;8000;16000,180,1600
1044,巨魔雕像Lv44,2004,1004,670000,10,45,35,0,18002,1,10002;10003;10004;1234633;1234634;1234635;1234636;1234637;1234638,32000;24000;16000;480000;160000;40000;24000;8000;16000,180,1600
1045,巨魔雕像Lv45,2004,1004,700000,10,50,35,0,18002,1,10002;10003;10004;1234633;1234634;1234635;1234636;1234637;1234638,32000;24000;16000;480000;160000;40000;24000;8000;16000,180,1600
1046,巨魔雕像Lv46,2004,1004,730000,10,50,35,0,18002,1,10002;10003;10004;1234633;1234634;1234635;1234636;1234637;1234638,32000;24000;16000;480000;160000;40000;24000;8000;16000,180,1600
1047,巨魔雕像Lv47,2004,1004,760000,10,50,35,0,18002,1,10002;10003;10004;1234633;1234634;1234635;1234636;1234637;1234638,32000;24000;16000;480000;160000;40000;24000;8000;16000,180,1600
1048,巨魔雕像Lv48,2004,1004,790000,10,50,35,0,18002,1,10002;10003;10004;1234633;1234634;1234635;1234636;1234637;1234638,32000;24000;16000;480000;160000;40000;24000;8000;16000,180,1600
1049,巨魔雕像Lv49,2004,1004,820000,10,50,40,0,18002,1,10002;10003;10004;1234633;1234634;1234635;1234636;1234637;1234638,32000;24000;16000;480000;160000;40000;24000;8000;16000,180,1600
1050,巨魔雕像Lv50,2004,1004,850000,10,55,40,0,18002,1,10002;10003;10004;1234633;1234634;1234635;1234636;1234637;1234638,32000;24000;16000;480000;160000;40000;24000;8000;16000,180,1600
1051,巨魔雕像Lv51,2004,1004,880000,10,55,40,0,18002,1,10002;10003;10004;1234633;1234634;1234635;1234636;1234637;1234638,32000;24000;16000;480000;160000;40000;24000;8000;16000,180,1700
1052,巨魔雕像Lv52,2004,1004,910000,10,55,40,0,18002,1,10002;10003;10004;1234633;1234634;1234635;1234636;1234637;1234638,32000;24000;16000;480000;160000;40000;24000;8000;16000,180,1700
1053,巨魔雕像Lv53,2004,1004,940000,10,55,40,0,18002,1,10002;10003;10004;1234633;1234634;1234635;1234636;1234637;1234638,32000;24000;16000;480000;160000;40000;24000;8000;16000,180,1700
1054,巨魔雕像Lv54,2004,1004,970000,10,55,45,0,18002,1,10002;10003;10004;1234633;1234634;1234635;1234636;1234637;1234638,32000;24000;16000;480000;160000;40000;24000;8000;16000,180,1700
1055,巨魔雕像Lv55,2004,1004,1000000,10,60,45,0,18002,1,10002;10003;10004;1234633;1234634;1234635;1234636;1234637;1234638,32000;24000;16000;480000;160000;40000;24000;8000;16000,180,1700
1056,巨魔雕像Lv56,2004,1004,1030000,10,57,45,0,18002,1,10002;10003;10004;1234633;1234634;1234635;1234636;1234637;1234638,32000;24000;16000;480000;160000;40000;24000;8000;16000,180,1700
1057,巨魔雕像Lv57,2004,1004,1060000,10,58,45,0,18002,1,10002;10003;10004;1234633;1234634;1234635;1234636;1234637;1234638,32000;24000;16000;480000;160000;40000;24000;8000;16000,180,1700
1058,巨魔雕像Lv58,2004,1004,1090000,10,59,45,0,18002,1,10002;10003;10004;1234633;1234634;1234635;1234636;1234637;1234638,32000;24000;16000;480000;160000;40000;24000;8000;16000,180,1700
1059,巨魔雕像Lv59,2004,1004,1120000,10,60,50,0,18002,1,10002;10003;10004;1234633;1234634;1234635;1234636;1234637;1234638,32000;24000;16000;480000;160000;40000;24000;8000;16000,180,1700
1060,巨魔雕像Lv60,2004,1004,1150000,10,60,50,0,18002,1,10002;10003;10004;1234633;1234634;1234635;1234636;1234637;1234638,32000;24000;16000;480000;160000;40000;24000;8000;16000,180,1700
1061,巨魔雕像Lv61,2004,1004,1180000,10,60,50,0,18002,1,10002;10003;10004;1234633;1234634;1234635;1234636;1234637;1234638,32000;24000;16000;480000;160000;40000;24000;8000;16000,180,1800
1062,巨魔雕像Lv62,2004,1004,1210000,10,60,50,0,18002,1,10002;10003;10004;1234633;1234634;1234635;1234636;1234637;1234638,32000;24000;16000;480000;160000;40000;24000;8000;16000,180,1800
1063,巨魔雕像Lv63,2004,1004,1240000,10,60,50,0,18002,1,10002;10003;10004;1234633;1234634;1234635;1234636;1234637;1234638,32000;24000;16000;480000;160000;40000;24000;8000;16000,180,1800
1064,巨魔雕像Lv64,2004,1004,1270000,10,60,55,0,18002,1,10002;10003;10004;1234633;1234634;1234635;1234636;1234637;1234638,32000;24000;16000;480000;160000;40000;24000;8000;16000,180,1800
1065,巨魔雕像Lv65,2004,1004,1300000,10,60,55,0,18002,1,10002;10003;10004;1234633;1234634;1234635;1234636;1234637;1234638,32000;24000;16000;480000;160000;40000;24000;8000;16000,180,1800
1066,巨魔雕像Lv66,2004,1004,1330000,10,60,55,0,18002,1,10002;10003;10004;1234633;1234634;1234635;1234636;1234637;1234638,32000;24000;16000;480000;160000;40000;24000;8000;16000,180,1800
1067,巨魔雕像Lv67,2004,1004,1360000,10,60,55,0,18002,1,10002;10003;10004;1234633;1234634;1234635;1234636;1234637;1234638,32000;24000;16000;480000;160000;40000;24000;8000;16000,180,1800
1068,巨魔雕像Lv68,2004,1004,1390000,10,60,55,0,18002,1,10002;10003;10004;1234633;1234634;1234635;1234636;1234637;1234638,32000;24000;16000;480000;160000;40000;24000;8000;16000,180,1800
1069,巨魔雕像Lv69,2004,1004,1420000,10,70,60,0,18002,1,10002;10003;10004;1234633;1234634;1234635;1234636;1234637;1234638,32000;24000;16000;480000;160000;40000;24000;8000;16000,180,1800
1070,巨魔雕像Lv70,2004,1004,1450000,10,70,57,0,18002,1,10002;10003;10004;1234633;1234634;1234635;1234636;1234637;1234638,32000;24000;16000;480000;160000;40000;24000;8000;16000,180,1800
1071,巨魔雕像Lv71,2004,1004,1480000,10,70,58,0,18002,1,10002;10003;10004;1234633;1234634;1234635;1234636;1234637;1234638,32000;24000;16000;480000;160000;40000;24000;8000;16000,180,1900
1072,巨魔雕像Lv72,2004,1004,1510000,10,70,59,0,18002,1,10002;10003;10004;1234633;1234634;1234635;1234636;1234637;1234638,32000;24000;16000;480000;160000;40000;24000;8000;16000,180,1900
1073,巨魔雕像Lv73,2004,1004,1540000,10,70,60,0,18002,1,10002;10003;10004;1234633;1234634;1234635;1234636;1234637;1234638,32000;24000;16000;480000;160000;40000;24000;8000;16000,180,1900
1074,巨魔雕像Lv74,2004,1004,1570000,10,70,60,0,18002,1,10002;10003;10004;1234633;1234634;1234635;1234636;1234637;1234638,32000;24000;16000;480000;160000;40000;24000;8000;16000,180,1900
1075,巨魔雕像Lv75,2004,1004,1600000,10,70,60,0,18002,1,10002;10003;10004;1234633;1234634;1234635;1234636;1234637;1234638,32000;24000;16000;480000;160000;40000;24000;8000;16000,180,1900
1076,巨魔雕像Lv76,2004,1004,1630000,10,70,60,0,18002,1,10002;10003;10004;1234633;1234634;1234635;1234636;1234637;1234638,32000;24000;16000;480000;160000;40000;24000;8000;16000,180,1900
1077,巨魔雕像Lv77,2004,1004,1660000,5,70,60,0,18002,1,10002;10003;10004;1234633;1234634;1234635;1234636;1234637;1234638,32000;24000;16000;480000;160000;40000;24000;8000;16000,180,1900
1078,巨魔雕像Lv78,2004,1004,1690000,5,70,60,0,18002,1,10002;10003;10004;1234633;1234634;1234635;1234636;1234637;1234638,32000;24000;16000;480000;160000;40000;24000;8000;16000,180,1900
1079,巨魔雕像Lv79,2004,1004,1720000,5,80,60,0,18002,1,10002;10003;10004;1234633;1234634;1234635;1234636;1234637;1234638,32000;24000;16000;480000;160000;40000;24000;8000;16000,180,1900
1080,巨魔雕像Lv80,2004,1004,1750000,5,80,60,0,18002,1,10002;10003;10004;1234633;1234634;1234635;1234636;1234637;1234638,32000;24000;16000;480000;160000;40000;24000;8000;16000,180,1900
1081,巨魔雕像Lv81,2004,1004,1780000,5,80,60,0,18002;18002,1,10002;10003;10004;1234633;1234634;1234635;1234636;1234637;1234638,32000;24000;16000;480000;160000;40000;24000;8000;16000,180,2000
1082,巨魔雕像Lv82,2004,1004,1810000,5,80,60,0,18002;18002,1,10002;10003;10004;1234633;1234634;1234635;1234636;1234637;1234638,32000;24000;16000;480000;160000;40000;24000;8000;16000,180,2000
1083,巨魔雕像Lv83,2004,1004,1840000,5,80,70,0,18002;18002,1,10002;10003;10004;1234633;1234634;1234635;1234636;1234637;1234638,32000;24000;16000;480000;160000;40000;24000;8000;16000,180,2000
1084,巨魔雕像Lv84,2004,1004,1870000,5,80,70,0,18002;18002,1,10002;10003;10004;1234633;1234634;1234635;1234636;1234637;1234638,32000;24000;16000;480000;160000;40000;24000;8000;16000,180,2000
1085,巨魔雕像Lv85,2004,1004,1900000,5,80,70,0,18002;18002,1,10002;10003;10004;1234633;1234634;1234635;1234636;1234637;1234638,32000;24000;16000;480000;160000;40000;24000;8000;16000,180,2000
1086,巨魔雕像Lv86,2004,1004,1930000,0,80,70,0,18002;18002,1,10002;10003;10004;1234633;1234634;1234635;1234636;1234637;1234638,32000;24000;16000;480000;160000;40000;24000;8000;16000,180,2000
1087,巨魔雕像Lv87,2004,1004,1960000,0,80,70,0,18002;18002,1,10002;10003;10004;1234633;1234634;1234635;1234636;1234637;1234638,32000;24000;16000;480000;160000;40000;24000;8000;16000,180,2000
1088,巨魔雕像Lv88,2004,1004,1990000,0,80,70,0,18002;18002,1,10002;10003;10004;1234633;1234634;1234635;1234636;1234637;1234638,32000;24000;16000;480000;160000;40000;24000;8000;16000,180,2000
1089,巨魔雕像Lv89,2004,1004,2020000,0,90,70,0,18002;18002,1,10002;10003;10004;1234633;1234634;1234635;1234636;1234637;1234638,32000;24000;16000;480000;160000;40000;24000;8000;16000,180,2000
1090,巨魔雕像Lv90,2004,1004,2050000,0,90,70,0,18002;18002,1,10002;10003;10004;1234633;1234634;1234635;1234636;1234637;1234638,32000;24000;16000;480000;160000;40000;24000;8000;16000,180,2000
1091,巨魔雕像Lv91,2004,1004,2080000,0,90,70,0,18002;18002,1,10002;10003;10004;1234633;1234634;1234635;1234636;1234637;1234638,32000;24000;16000;480000;160000;40000;24000;8000;16000,180,2100
1092,巨魔雕像Lv92,2004,1004,2110000,0,90,70,0,18002;18002,1,10002;10003;10004;1234633;1234634;1234635;1234636;1234637;1234638,32000;24000;16000;480000;160000;40000;24000;8000;16000,180,2100
1093,巨魔雕像Lv93,2004,1004,2140000,0,90,80,0,18002;18002,1,10002;10003;10004;1234633;1234634;1234635;1234636;1234637;1234638,32000;24000;16000;480000;160000;40000;24000;8000;16000,180,2100
1094,巨魔雕像Lv94,2004,1004,2170000,0,90,80,0,18002;18002,1,10002;10003;10004;1234633;1234634;1234635;1234636;1234637;1234638,32000;24000;16000;480000;160000;40000;24000;8000;16000,180,2100
1095,巨魔雕像Lv95,2004,1004,2200000,0,90,80,0,18002;18002,1,10002;10003;10004;1234633;1234634;1234635;1234636;1234637;1234638,32000;24000;16000;480000;160000;40000;24000;8000;16000,180,2100
1096,巨魔雕像Lv96,2004,1004,2230000,0,90,80,0,18002;18002,1,10002;10003;10004;1234633;1234634;1234635;1234636;1234637;1234638,32000;24000;16000;480000;160000;40000;24000;8000;16000,180,2100
1097,巨魔雕像Lv97,2004,1004,2300000,0,90,80,0,18002;18002,1,10002;10003;10004;1234633;1234634;1234635;1234636;1234637;1234638,32000;24000;16000;480000;160000;40000;24000;8000;16000,180,2100
1098,巨魔雕像Lv98,2004,1004,2370000,0,90,80,0,18002;18002,1,10002;10003;10004;1234633;1234634;1234635;1234636;1234637;1234638,32000;24000;16000;480000;160000;40000;24000;8000;16000,180,2100
1099,巨魔雕像Lv99,2004,1004,2440000,0,100,80,0,18002;18002,1,10002;10003;10004;1234633;1234634;1234635;1234636;1234637;1234638,32000;24000;16000;480000;160000;40000;24000;8000;16000,180,2100
1100,巨魔雕像Lv100,2004,1004,2550000,0,150,80,0,18002;18002,1,10002;10003;10004;1234633;1234634;1234635;1234636;1234637;1234638,32000;24000;16000;480000;160000;40000;24000;8000;16000,180,2100
1101,巨魔雕像Lv101,2004,1004,2620000,0,150,80,0,18002;18002,1,10002;10003;10004;1234633;1234634;1234635;1234636;1234637;1234638,32000;24000;16000;480000;160000;40000;24000;8000;16000,180,2200
1102,巨魔雕像Lv102,2004,1004,2702000,0,150,80,0,18002;18002,1,10002;10003;10004;1234633;1234634;1234635;1234636;1234637;1234638,32000;24000;16000;480000;160000;40000;24000;8000;16000,180,2200
1103,巨魔雕像Lv103,2004,1004,2784000,0,150,80,0,18002;18002,1,10002;10003;10004;1234633;1234634;1234635;1234636;1234637;1234638,32000;24000;16000;480000;160000;40000;24000;8000;16000,180,2200
1104,巨魔雕像Lv104,2004,1004,2866000,0,150,80,0,18002;18002,1,10002;10003;10004;1234633;1234634;1234635;1234636;1234637;1234638,32000;24000;16000;480000;160000;40000;24000;8000;16000,180,2200
1105,巨魔雕像Lv105,2004,1004,2948000,0,200,100,0,18002;18002,1,10002;10003;10004;1234633;1234634;1234635;1234636;1234637;1234638,32000;24000;16000;480000;160000;40000;24000;8000;16000,180,2200
1106,巨魔雕像Lv106,2004,1004,3030000,0,200,100,0,18002;18002,1,10002;10003;10004;1234633;1234634;1234635;1234636;1234637;1234638,32000;24000;16000;480000;160000;40000;24000;8000;16000,180,2200
1107,巨魔雕像Lv107,2004,1004,3112000,0,200,100,0,18002;18002,1,10002;10003;10004;1234633;1234634;1234635;1234636;1234637;1234638,32000;24000;16000;480000;160000;40000;24000;8000;16000,180,2200
1108,巨魔雕像Lv108,2004,1004,3194000,0,200,100,0,18002;18002,1,10002;10003;10004;1234633;1234634;1234635;1234636;1234637;1234638,32000;24000;16000;480000;160000;40000;24000;8000;16000,180,2200
1109,巨魔雕像Lv109,2004,1004,3276000,0,200,100,0,18002;18002,1,10002;10003;10004;1234633;1234634;1234635;1234636;1234637;1234638,32000;24000;16000;480000;160000;40000;24000;8000;16000,180,2200
1110,巨魔雕像Lv110,2004,1004,3358000,0,200,100,0,18002;18002,1,10002;10003;10004;1234633;1234634;1234635;1234636;1234637;1234638,32000;24000;16000;480000;160000;40000;24000;8000;16000,180,2200
1111,巨魔雕像Lv111,2004,1004,3440000,0,200,100,0,18002;18002,1,10002;10003;10004;1234633;1234634;1234635;1234636;1234637;1234638,32000;24000;16000;480000;160000;40000;24000;8000;16000,180,2300
1112,巨魔雕像Lv112,2004,1004,3522000,0,200,100,0,18002;18002,1,10002;10003;10004;1234633;1234634;1234635;1234636;1234637;1234638,32000;24000;16000;480000;160000;40000;24000;8000;16000,180,2300
1113,巨魔雕像Lv113,2004,1004,3604000,0,200,100,0,18002;18002,1,10002;10003;10004;1234633;1234634;1234635;1234636;1234637;1234638,32000;24000;16000;480000;160000;40000;24000;8000;16000,180,2300
1114,巨魔雕像Lv114,2004,1004,3686000,0,200,100,0,18002;18002,1,10002;10003;10004;1234633;1234634;1234635;1234636;1234637;1234638,32000;24000;16000;480000;160000;40000;24000;8000;16000,180,2300
1115,巨魔雕像Lv115,2004,1004,3768000,0,250,120,0,18002;18002,1,10002;10003;10004;1234633;1234634;1234635;1234636;1234637;1234638,32000;24000;16000;480000;160000;40000;24000;8000;16000,180,2300
1116,巨魔雕像Lv116,2004,1004,3850000,0,250,120,0,18002;18002,1,10002;10003;10004;1234633;1234634;1234635;1234636;1234637;1234638,32000;24000;16000;480000;160000;40000;24000;8000;16000,180,2300
1117,巨魔雕像Lv117,2004,1004,3932000,0,250,120,0,18002;18002,1,10002;10003;10004;1234633;1234634;1234635;1234636;1234637;1234638,32000;24000;16000;480000;160000;40000;24000;8000;16000,180,2300
1118,巨魔雕像Lv118,2004,1004,4014000,0,250,120,0,18002;18002,1,10002;10003;10004;1234633;1234634;1234635;1234636;1234637;1234638,32000;24000;16000;480000;160000;40000;24000;8000;16000,180,2300
1119,巨魔雕像Lv119,2004,1004,4096000,0,250,120,0,18002;18002,1,10002;10003;10004;1234633;1234634;1234635;1234636;1234637;1234638,32000;24000;16000;480000;160000;40000;24000;8000;16000,180,2300
1120,巨魔雕像Lv120,2004,1004,4178000,0,250,120,0,18002;18002,1,10002;10003;10004;1234633;1234634;1234635;1234636;1234637;1234638,32000;24000;16000;480000;160000;40000;24000;8000;16000,180,2300
1121,巨魔雕像Lv121,2004,1004,4260000,0,250,120,0,18002;18002,1,10002;10003;10004;1234633;1234634;1234635;1234636;1234637;1234638,32000;24000;16000;480000;160000;40000;24000;8000;16000,180,2400
1122,巨魔雕像Lv122,2004,1004,4342000,0,250,120,0,18002;18002,1,10002;10003;10004;1234633;1234634;1234635;1234636;1234637;1234638,32000;24000;16000;480000;160000;40000;24000;8000;16000,180,2400
1123,巨魔雕像Lv123,2004,1004,4424000,0,250,120,0,18002;18002,1,10002;10003;10004;1234633;1234634;1234635;1234636;1234637;1234638,32000;24000;16000;480000;160000;40000;24000;8000;16000,180,2400
1124,巨魔雕像Lv124,2004,1004,4506000,0,250,120,0,18002;18002,1,10002;10003;10004;1234633;1234634;1234635;1234636;1234637;1234638,32000;24000;16000;480000;160000;40000;24000;8000;16000,180,2400
1125,巨魔雕像Lv125,2004,1004,4588000,0,250,120,0,18002;18002,1,10002;10003;10004;1234633;1234634;1234635;1234636;1234637;1234638,32000;24000;16000;480000;160000;40000;24000;8000;16000,180,2400
1126,巨魔雕像Lv126,2004,1004,4670000,0,250,120,0,18002;18002,1,10002;10003;10004;1234633;1234634;1234635;1234636;1234637;1234638,32000;24000;16000;480000;160000;40000;24000;8000;16000,180,2400
1127,巨魔雕像Lv127,2004,1004,4752000,0,250,120,0,18002;18002,1,10002;10003;10004;1234633;1234634;1234635;1234636;1234637;1234638,32000;24000;16000;480000;160000;40000;24000;8000;16000,180,2400
1128,巨魔雕像Lv128,2004,1004,4834000,0,250,120,0,18002;18002,1,10002;10003;10004;1234633;1234634;1234635;1234636;1234637;1234638,32000;24000;16000;480000;160000;40000;24000;8000;16000,180,2400
1129,巨魔雕像Lv129,2004,1004,4916000,0,250,120,0,18002;18002,1,10002;10003;10004;1234633;1234634;1234635;1234636;1234637;1234638,32000;24000;16000;480000;160000;40000;24000;8000;16000,180,2400
1130,巨魔雕像Lv130,2004,1004,4998000,0,250,120,0,18002;18002,1,10002;10003;10004;1234633;1234634;1234635;1234636;1234637;1234638,32000;24000;16000;480000;160000;40000;24000;8000;16000,180,2400
1131,巨魔雕像Lv131,2004,1004,5080000,0,250,120,0,18002;18002,1,10002;10003;10004;1234633;1234634;1234635;1234636;1234637;1234638,32000;24000;16000;480000;160000;40000;24000;8000;16000,180,2500
1132,巨魔雕像Lv132,2004,1004,5162000,0,250,120,0,18002;18002,1,10002;10003;10004;1234633;1234634;1234635;1234636;1234637;1234638,32000;24000;16000;480000;160000;40000;24000;8000;16000,180,2500
1133,巨魔雕像Lv133,2004,1004,5244000,0,250,120,0,18002;18002,1,10002;10003;10004;1234633;1234634;1234635;1234636;1234637;1234638,32000;24000;16000;480000;160000;40000;24000;8000;16000,180,2500
1134,巨魔雕像Lv134,2004,1004,5326000,0,250,120,0,18002;18002,1,10002;10003;10004;1234633;1234634;1234635;1234636;1234637;1234638,32000;24000;16000;480000;160000;40000;24000;8000;16000,180,2500
1135,巨魔雕像Lv135,2004,1004,5408000,0,250,120,0,18002;18002,1,10002;10003;10004;1234633;1234634;1234635;1234636;1234637;1234638,32000;24000;16000;480000;160000;40000;24000;8000;16000,180,2500
1136,巨魔雕像Lv136,2004,1004,5490000,0,250,120,0,18002;18002,1,10002;10003;10004;1234633;1234634;1234635;1234636;1234637;1234638,32000;24000;16000;480000;160000;40000;24000;8000;16000,180,2500
1137,巨魔雕像Lv137,2004,1004,5572000,0,250,120,0,18002;18002,1,10002;10003;10004;1234633;1234634;1234635;1234636;1234637;1234638,32000;24000;16000;480000;160000;40000;24000;8000;16000,180,2500
1138,巨魔雕像Lv138,2004,1004,5654000,0,250,120,0,18002;18002,1,10002;10003;10004;1234633;1234634;1234635;1234636;1234637;1234638,32000;24000;16000;480000;160000;40000;24000;8000;16000,180,2500
1139,巨魔雕像Lv139,2004,1004,5736000,0,250,120,0,18002;18002,1,10002;10003;10004;1234633;1234634;1234635;1234636;1234637;1234638,32000;24000;16000;480000;160000;40000;24000;8000;16000,180,2500
1140,巨魔雕像Lv140,2004,1004,5818000,0,250,120,0,18002;18002,1,10002;10003;10004;1234633;1234634;1234635;1234636;1234637;1234638,32000;24000;16000;480000;160000;40000;24000;8000;16000,180,2500
1141,巨魔雕像Lv141,2004,1004,5900000,0,350,150,0,18002;18002,1,10002;10003;10004;1234633;1234634;1234635;1234636;1234637;1234638,32000;24000;16000;480000;160000;40000;24000;8000;16000,180,2600
1142,巨魔雕像Lv142,2004,1004,5982000,0,350,150,0,18002;18002,1,10002;10003;10004;1234633;1234634;1234635;1234636;1234637;1234638,32000;24000;16000;480000;160000;40000;24000;8000;16000,180,2600
1143,巨魔雕像Lv143,2004,1004,6064000,0,350,150,0,18002;18002,1,10002;10003;10004;1234633;1234634;1234635;1234636;1234637;1234638,32000;24000;16000;480000;160000;40000;24000;8000;16000,180,2600
1144,巨魔雕像Lv144,2004,1004,6146000,0,350,150,0,18002;18002,1,10002;10003;10004;1234633;1234634;1234635;1234636;1234637;1234638,32000;24000;16000;480000;160000;40000;24000;8000;16000,180,2600
1145,巨魔雕像Lv145,2004,1004,6228000,0,350,150,0,18002;18002,1,10002;10003;10004;1234633;1234634;1234635;1234636;1234637;1234638,32000;24000;16000;480000;160000;40000;24000;8000;16000,180,2600
1146,巨魔雕像Lv146,2004,1004,6310000,0,350,150,0,18002;18002,1,10002;10003;10004;1234633;1234634;1234635;1234636;1234637;1234638,32000;24000;16000;480000;160000;40000;24000;8000;16000,180,2600
1147,巨魔雕像Lv147,2004,1004,6392000,0,350,150,0,18002;18002,1,10002;10003;10004;1234633;1234634;1234635;1234636;1234637;1234638,32000;24000;16000;480000;160000;40000;24000;8000;16000,180,2600
1148,巨魔雕像Lv148,2004,1004,6474000,0,350,150,0,18002;18002,1,10002;10003;10004;1234633;1234634;1234635;1234636;1234637;1234638,32000;24000;16000;480000;160000;40000;24000;8000;16000,180,2600
1149,巨魔雕像Lv149,2004,1004,6556000,0,350,150,0,18002;18002,1,10002;10003;10004;1234633;1234634;1234635;1234636;1234637;1234638,32000;24000;16000;480000;160000;40000;24000;8000;16000,180,2600
1150,巨魔雕像Lv150,2004,1004,6638000,0,350,150,0,18002;18002,1,10002;10003;10004;1234633;1234634;1234635;1234636;1234637;1234638,32000;24000;16000;480000;160000;40000;24000;8000;16000,180,2600
1151,巨魔雕像Lv151,2004,1004,6720000,0,350,150,0,18002;18002,1,10002;10003;10004;1234633;1234634;1234635;1234636;1234637;1234638,32000;24000;16000;480000;160000;40000;24000;8000;16000,180,2700
1152,巨魔雕像Lv152,2004,1004,6802000,0,350,150,0,18002;18002,1,10002;10003;10004;1234633;1234634;1234635;1234636;1234637;1234638,32000;24000;16000;480000;160000;40000;24000;8000;16000,180,2700
1153,巨魔雕像Lv153,2004,1004,6884000,0,350,150,0,18002;18002,1,10002;10003;10004;1234633;1234634;1234635;1234636;1234637;1234638,32000;24000;16000;480000;160000;40000;24000;8000;16000,180,2700
1154,巨魔雕像Lv154,2004,1004,6966000,0,350,150,0,18002;18002,1,10002;10003;10004;1234633;1234634;1234635;1234636;1234637;1234638,32000;24000;16000;480000;160000;40000;24000;8000;16000,180,2700
1155,巨魔雕像Lv155,2004,1004,7048000,0,350,150,0,18002;18002,1,10002;10003;10004;1234633;1234634;1234635;1234636;1234637;1234638,32000;24000;16000;480000;160000;40000;24000;8000;16000,180,2700
1156,巨魔雕像Lv156,2004,1004,7130000,0,350,150,0,18002;18002,1,10002;10003;10004;1234633;1234634;1234635;1234636;1234637;1234638,32000;24000;16000;480000;160000;40000;24000;8000;16000,180,2700
1157,巨魔雕像Lv157,2004,1004,7212000,0,350,150,0,18002;18002,1,10002;10003;10004;1234633;1234634;1234635;1234636;1234637;1234638,32000;24000;16000;480000;160000;40000;24000;8000;16000,180,2700
1158,巨魔雕像Lv158,2004,1004,7294000,0,350,150,0,18002;18002,1,10002;10003;10004;1234633;1234634;1234635;1234636;1234637;1234638,32000;24000;16000;480000;160000;40000;24000;8000;16000,180,2700
1159,巨魔雕像Lv159,2004,1004,7376000,0,350,150,0,18002;18002,1,10002;10003;10004;1234633;1234634;1234635;1234636;1234637;1234638,32000;24000;16000;480000;160000;40000;24000;8000;16000,180,2700
1160,巨魔雕像Lv160,2004,1004,7458000,0,350,150,0,18002;18002,1,10002;10003;10004;1234633;1234634;1234635;1234636;1234637;1234638,32000;24000;16000;480000;160000;40000;24000;8000;16000,180,2700
1161,巨魔雕像Lv161,2004,1004,7540000,0,350,150,0,18002;18002;18002,1,10002;10003;10004;1234633;1234634;1234635;1234636;1234637;1234638,32000;24000;16000;480000;160000;40000;24000;8000;16000,180,2800
1162,巨魔雕像Lv162,2004,1004,7622000,0,350,150,0,18002;18002;18002,1,10002;10003;10004;1234633;1234634;1234635;1234636;1234637;1234638,32000;24000;16000;480000;160000;40000;24000;8000;16000,180,2800
1163,巨魔雕像Lv163,2004,1004,7704000,0,350,150,0,18002;18002;18002,1,10002;10003;10004;1234633;1234634;1234635;1234636;1234637;1234638,32000;24000;16000;480000;160000;40000;24000;8000;16000,180,2800
1164,巨魔雕像Lv164,2004,1004,7786000,0,350,150,0,18002;18002;18002,1,10002;10003;10004;1234633;1234634;1234635;1234636;1234637;1234638,32000;24000;16000;480000;160000;40000;24000;8000;16000,180,2800
1165,巨魔雕像Lv165,2004,1004,7868000,0,350,150,0,18002;18002;18002,1,10002;10003;10004;1234633;1234634;1234635;1234636;1234637;1234638,32000;24000;16000;480000;160000;40000;24000;8000;16000,180,2800
1166,巨魔雕像Lv166,2004,1004,7950000,0,350,150,0,18002;18002;18002,1,10002;10003;10004;1234633;1234634;1234635;1234636;1234637;1234638,32000;24000;16000;480000;160000;40000;24000;8000;16000,180,2800
1167,巨魔雕像Lv167,2004,1004,8032000,0,350,150,0,18002;18002;18002,1,10002;10003;10004;1234633;1234634;1234635;1234636;1234637;1234638,32000;24000;16000;480000;160000;40000;24000;8000;16000,180,2800
1168,巨魔雕像Lv168,2004,1004,8114000,0,350,150,0,18002;18002;18002,1,10002;10003;10004;1234633;1234634;1234635;1234636;1234637;1234638,32000;24000;16000;480000;160000;40000;24000;8000;16000,180,2800
1169,巨魔雕像Lv169,2004,1004,8196000,0,350,150,0,18002;18002;18002,1,10002;10003;10004;1234633;1234634;1234635;1234636;1234637;1234638,32000;24000;16000;480000;160000;40000;24000;8000;16000,180,2800
1170,巨魔雕像Lv170,2004,1004,8278000,0,350,150,0,18002;18002;18002,1,10002;10003;10004;1234633;1234634;1234635;1234636;1234637;1234638,32000;24000;16000;480000;160000;40000;24000;8000;16000,180,2800
1171,巨魔雕像Lv171,2004,1004,8360000,0,350,150,0,18002;18002;18002,1,10002;10003;10004;1234633;1234634;1234635;1234636;1234637;1234638,32000;24000;16000;480000;160000;40000;24000;8000;16000,180,2900
1172,巨魔雕像Lv172,2004,1004,8442000,0,355,150,0,18002;18002;18002,1,10002;10003;10004;1234633;1234634;1234635;1234636;1234637;1234638,32000;24000;16000;480000;160000;40000;24000;8000;16000,180,2900
1173,巨魔雕像Lv173,2004,1004,8524000,0,360,150,0,18002;18002;18002,1,10002;10003;10004;1234633;1234634;1234635;1234636;1234637;1234638,32000;24000;16000;480000;160000;40000;24000;8000;16000,180,2900
1174,巨魔雕像Lv174,2004,1004,8606000,0,365,150,0,18002;18002;18002,1,10002;10003;10004;1234633;1234634;1234635;1234636;1234637;1234638,32000;24000;16000;480000;160000;40000;24000;8000;16000,180,2900
1175,巨魔雕像Lv175,2004,1004,8688000,0,370,150,0,18002;18002;18002,1,10002;10003;10004;1234633;1234634;1234635;1234636;1234637;1234638,32000;24000;16000;480000;160000;40000;24000;8000;16000,180,2900
1176,巨魔雕像Lv176,2004,1004,8770000,0,375,150,0,18002;18002;18002,1,10002;10003;10004;1234633;1234634;1234635;1234636;1234637;1234638,32000;24000;16000;480000;160000;40000;24000;8000;16000,180,2900
1177,巨魔雕像Lv177,2004,1004,8852000,0,380,150,0,18002;18002;18002,1,10002;10003;10004;1234633;1234634;1234635;1234636;1234637;1234638,32000;24000;16000;480000;160000;40000;24000;8000;16000,180,2900
1178,巨魔雕像Lv178,2004,1004,8934000,0,385,150,0,18002;18002;18002,1,10002;10003;10004;1234633;1234634;1234635;1234636;1234637;1234638,32000;24000;16000;480000;160000;40000;24000;8000;16000,180,2900
1179,巨魔雕像Lv179,2004,1004,9016000,0,390,150,0,18002;18002;18002,1,10002;10003;10004;1234633;1234634;1234635;1234636;1234637;1234638,32000;24000;16000;480000;160000;40000;24000;8000;16000,180,2900
1180,巨魔雕像Lv180,2004,1004,9098000,0,395,150,0,18002;18002;18002,1,10002;10003;10004;1234633;1234634;1234635;1234636;1234637;1234638,32000;24000;16000;480000;160000;40000;24000;8000;16000,180,2900
1181,巨魔雕像Lv181,2004,1004,9180000,0,400,150,0,18002;18002;18002,1,10002;10003;10004;1234633;1234634;1234635;1234636;1234637;1234638,32000;24000;16000;480000;160000;40000;24000;8000;16000,180,3000
1182,巨魔雕像Lv182,2004,1004,9262000,0,405,150,0,18002;18002;18002,1,10002;10003;10004;1234633;1234634;1234635;1234636;1234637;1234638,32000;24000;16000;480000;160000;40000;24000;8000;16000,180,3000
1183,巨魔雕像Lv183,2004,1004,9344000,0,410,150,0,18002;18002;18002,1,10002;10003;10004;1234633;1234634;1234635;1234636;1234637;1234638,32000;24000;16000;480000;160000;40000;24000;8000;16000,180,3000
1184,巨魔雕像Lv184,2004,1004,9426000,0,415,150,0,18002;18002;18002,1,10002;10003;10004;1234633;1234634;1234635;1234636;1234637;1234638,32000;24000;16000;480000;160000;40000;24000;8000;16000,180,3000
1185,巨魔雕像Lv185,2004,1004,9508000,0,420,150,0,18002;18002;18002,1,10002;10003;10004;1234633;1234634;1234635;1234636;1234637;1234638,32000;24000;16000;480000;160000;40000;24000;8000;16000,180,3000
1186,巨魔雕像Lv186,2004,1004,9590000,0,425,150,0,18002;18002;18002,1,10002;10003;10004;1234633;1234634;1234635;1234636;1234637;1234638,32000;24000;16000;480000;160000;40000;24000;8000;16000,180,3000
1187,巨魔雕像Lv187,2004,1004,9672000,0,430,150,0,18002;18002;18002,1,10002;10003;10004;1234633;1234634;1234635;1234636;1234637;1234638,32000;24000;16000;480000;160000;40000;24000;8000;16000,180,3000
1188,巨魔雕像Lv188,2004,1004,9754000,0,435,150,0,18002;18002;18002,1,10002;10003;10004;1234633;1234634;1234635;1234636;1234637;1234638,32000;24000;16000;480000;160000;40000;24000;8000;16000,180,3000
1189,巨魔雕像Lv189,2004,1004,9836000,0,440,150,0,18002;18002;18002,1,10002;10003;10004;1234633;1234634;1234635;1234636;1234637;1234638,32000;24000;16000;480000;160000;40000;24000;8000;16000,180,3000
1190,巨魔雕像Lv190,2004,1004,9918000,0,445,150,0,18002;18002;18002,1,10002;10003;10004;1234633;1234634;1234635;1234636;1234637;1234638,32000;24000;16000;480000;160000;40000;24000;8000;16000,180,3000
1191,巨魔雕像Lv191,2004,1004,10000000,0,450,150,0,18002;18002;18002,1,10002;10003;10004;1234633;1234634;1234635;1234636;1234637;1234638,32000;24000;16000;480000;160000;40000;24000;8000;16000,180,3100
1192,巨魔雕像Lv192,2004,1004,10082000,0,455,150,0,18002;18002;18002,1,10002;10003;10004;1234633;1234634;1234635;1234636;1234637;1234638,32000;24000;16000;480000;160000;40000;24000;8000;16000,180,3100
1193,巨魔雕像Lv193,2004,1004,10164000,0,460,150,0,18002;18002;18002,1,10002;10003;10004;1234633;1234634;1234635;1234636;1234637;1234638,32000;24000;16000;480000;160000;40000;24000;8000;16000,180,3100
1194,巨魔雕像Lv194,2004,1004,10246000,0,465,150,0,18002;18002;18002,1,10002;10003;10004;1234633;1234634;1234635;1234636;1234637;1234638,32000;24000;16000;480000;160000;40000;24000;8000;16000,180,3100
1195,巨魔雕像Lv195,2004,1004,10328000,0,470,150,0,18002;18002;18002,1,10002;10003;10004;1234633;1234634;1234635;1234636;1234637;1234638,32000;24000;16000;480000;160000;40000;24000;8000;16000,180,3100
1196,巨魔雕像Lv196,2004,1004,10410000,0,475,150,0,18002;18002;18002,1,10002;10003;10004;1234633;1234634;1234635;1234636;1234637;1234638,32000;24000;16000;480000;160000;40000;24000;8000;16000,180,3100
1197,巨魔雕像Lv197,2004,1004,10492000,0,480,150,0,18002;18002;18002,1,10002;10003;10004;1234633;1234634;1234635;1234636;1234637;1234638,32000;24000;16000;480000;160000;40000;24000;8000;16000,180,3100
1198,巨魔雕像Lv198,2004,1004,10574000,0,485,150,0,18002;18002;18002,1,10002;10003;10004;1234633;1234634;1234635;1234636;1234637;1234638,32000;24000;16000;480000;160000;40000;24000;8000;16000,180,3100
1199,巨魔雕像Lv199,2004,1004,10656000,0,490,150,0,18002;18002;18002,1,10002;10003;10004;1234633;1234634;1234635;1234636;1234637;1234638,32000;24000;16000;480000;160000;40000;24000;8000;16000,180,3100
1200,巨魔雕像Lv200,2004,1004,10738000,0,490,150,0,18002;18002;18002,1,10002;10003;10004;1234633;1234634;1234635;1234636;1234637;1234638,32000;24000;16000;480000;160000;40000;24000;8000;16000,180,3100
2001,黑色魔铁巨像,2004,1004,850000,20,100,0,0,16201,1,10007;10008;10009;10010,60;60;70;50,180,1800
2002,狩猎团,2004,1004,1450000,30,55,90,0,10105;10066;10063;10054;10056;10067,1,10011;10012;10013;10014,60;60;70;50,180,1800
2003,深红之王,2004,1004,2500000,20,120,100,0,16203,1,10015;10016;10017;10018,60;60;70;50,180,1800
2004,琉璃之王,2004,1004,3000000,20,250,0,0,16204,1,10019;10020;10021;10022,60;60;70;50,180,1800
2005,光之王,2004,1004,4200000,30,199,90,0,16205,1,10023;10024;10025;10026,60;60;70;50,180,1800
2006,影之王,2004,1004,5500000,999,0,999,0,16206,1,10027;10028;10029;10030,60;60;70;50,180,1800
5001,命运的召唤,1003,2003,251,0,0,0,0,51005;51005;51005,0,0,0,35,0
5002,森林座狼,1003,2003,266,0,0,0,0,51005;51005;51005,0,0,0,35,0
5003,贤者的指引,1003,2003,279,0,0,0,0,10092;10092;10092;10092;10092;10092,0,0,0,35,0
5004,史莱姆袭击,2004,1004,330,0,0,0,0,51067;51067;51067,0,0,0,35,0
5005,发现矿洞,2004,1004,352,0,0,0,0,51073;51073;51073,0,0,0,35,0
5006,神秘的老者,2004,1004,370,0,0,0,0,51005;51005;51005,0,0,0,35,0
5007,山林中的战斗,2001,1001,445,0,0,0,0,10011;10011;10011,0,0,0,35,0
5008,长途跋涉,2001,1001,478,0,0,0,0,51072;51072;51072;51072,0,0,0,35,0
5009,穿越林海,2001,1001,505,0,0,0,0,51004;51004,0,0,0,35,0
5010,酒吧闹事,1003,2003,625,0,0,0,0,51039;10036;10036;10036;51039;51039,0,0,0,35,0
5011,冒险者公会,1003,2003,680,0,0,0,0,51005,0,0,0,35,0
5012,爱心蛋包饭,1003,2003,725,0,0,0,0,51005,0,0,0,35,0
5013,废墟史莱姆I,1002,2002,920,0,0,0,0,51070;51067;51070,0,0,0,35,0
5014,废墟史莱姆II,1002,2002,1008,0,0,0,0,51070;51067;51070;51070;51070,0,0,0,35,0
5015,废墟史莱姆III,1002,2002,1080,0,0,0,0,51070;51070;51070;51067;51070;51067,0,0,0,35,0
5016,遇难的冒险者,1003,2003,1230,0,0,0,0,51070;51070;51070;51067;51070;51067,0,0,0,40,0
5017,遗迹魔物,1003,2003,1277,0,0,0,0,18008,0,0,0,40,0
5018,新的考验,1003,2003,1270,0,0,0,0,10054,0,0,0,40,0
5019,时空乱流,1002,2002,1360,0,0,0,0,51061;51061;51061;51061;51061,0,0,0,40,0
5020,路西法,1002,2002,1684,0,0,0,0,51131,0,0,0,40,0
5021,光之使者,1002,2002,1440,0,0,0,0,51005,0,0,0,40,0
5022,威严的老者,1003,2003,1590,0,0,0,0,51004;51004;51004;51004;51004,0,0,0,40,0
5023,宁采臣,1003,2003,2152,0,0,6,0,10100,0,0,0,40,0
5024,聂小倩,1003,2003,2223,0,0,0,0,10101,0,0,0,40,0
5025,遇难的冒险者,2001,1001,2040,0,0,0,0,10101,0,0,0,40,0
5026,遗迹魔物,2001,1001,2216,0,0,0,0,18008,0,0,0,40,0
5027,新的考验,2001,1001,2360,0,0,0,0,10054,0,0,0,40,0
5028,时空乱流,2001,1001,2750,0,0,0,0,51061;51061;51061;51061;51061,0,0,0,40,0
5029,魔神撒旦,2001,1001,3432,0,0,0,0,10070,0,0,0,40,0
5030,光之使者,2001,1001,2950,0,0,0,0,51005,0,0,0,40,0
5031,威严的老者,1003,2003,3250,0,0,0,0,51004;51004;51004;51004;51004,0,0,0,50,0
5032,貂蝉,1003,2003,4032,10,0,0,0,10043,0,0,0,50,0
5033,吕布,1003,2003,4485,10,0,0,0,10048;10043,0,0,0,50,0
5034,森林魔花,1002,2002,3990,0,0,0,0,51069;51069;51069;51069,0,0,0,50,0
5035,迷路的旅人,1002,2002,4276,0,0,0,0,51001,0,0,0,50,0
5036,丛林深处,1002,2002,4510,0,0,0,0,51073;51073;51073;51073;51073,0,0,0,50,0
5037,不安的气息,2001,1001,5050,0,0,0,0,51069;51069;51069;51069;51074;51074;51074;51074,0,0,0,50,0
5038,恐怖的魔物,2001,1001,6192,0,0,0,0,51061,0,0,0,50,0
5039,宫本武藏,2001,1001,6825,5,0,40,0,10057,0,0,0,50,0
5040,魔化家畜,1003,2003,5670,0,0,0,0,51036;51035;51036;51035;51036;51035,0,0,0,50,0
5041,艾丽娜,1003,2003,5868,0,0,0,0,51001,0,0,0,50,0
5042,织田信长,1003,2003,7839,10,20,5,0,10065,0,0,0,50,0
5043,不安的宁静,1002,2002,6750,0,0,0,0,51001,0,0,0,50,0
5044,魔化的小孩,1002,2002,7080,0,0,0,0,51045,0,0,0,50,0
5045,吉祥三宝,1002,2002,7350,0,4,4,0,51045;51055;51049,0,0,0,50,0
5046,魔化危机,2004,1004,10080,0,4,4,0,51047;51047;51048;51048;51048;51049,0,0,0,60,0
5047,魔化危机II,2004,1004,8840,0,10,0,0,51047;51047;51048;51048;51048;51050,0,0,0,60,0
5048,庞然大物,2004,1004,9200,5,20,0,0,18008,0,0,0,60,0
5049,幸存者,2001,1001,10070,0,0,0,0,51073;51073;51073;51073;51073;51073;51073;51073;51073;51073;51073;51073;51073;51073;51073;51073;51073;51073;51073;51073,0,0,0,60,0
5050,神秘的老者,2001,1001,10268,0,0,0,0,51074;51074;51074;51074;51074;51074;51074;51074;51074;51074;51074;51074;51074;51074;51074;51074;51074;51074;51074;51074,0,0,0,60,0
5051,石像鬼,2001,1001,10430,5,20,10,0,51061,0,0,0,60,0
5052,守卫,2001,1001,11300,10,25,15,0,51061;51061;51061;51061,0,0,0,60,0
5053,召唤师,2001,1001,12914,5,15,5,0,10010;10010;10010;10010,0,0,0,60,0
5054,持盾卫士,2001,1001,12100,6,36,0,0,10009,0,0,0,60,0
5055,憔悴的老者,1002,2002,13300,0,0,0,0,51059;51059;51059;51059;51059;51059;51059;51059;51059;51059;51059;51059;51059;51059;51059;51059;51059;51059;51059;51059,0,0,0,60,0
5056,罗杰斯,1002,2002,13740,10,30,15,0,51001,0,0,0,60,0
5057,命运之战,1002,2002,15510,0,10,0,0,51050,0,0,0,60,0
5058,弱小的魔物,2004,1004,15750,0,0,0,0,51069;51069;51069;51069,0,0,0,60,0
5059,诡异的尸体,2004,1004,16520,0,0,0,0,51060;51060;51060;51060;51060;51060;51060;51060;51060;51060;51060;51060;51060;51060;51060;51060;51060;51060;51060;51060,0,0,0,60,0
5060,影魔,2004,1004,17150,6,16,16,0,51061;51061;51061;51061;51061;51061;51061;51061;51061;51061;51061;51061;51061;51061;51061;51061;51061;51061;51061;51061,0,0,0,60,0
5061,魔花世界,2001,1001,18753,0,15,0,0,51069;51069;51069;51069;51069;51069;51069;51069,0,0,0,60,0
5062,魔花世界2,2001,1001,19375,0,15,0,0,51069;51069;51069;51069;51069;51069;51069;51069,0,0,0,60,0
5063,异界魔物,2001,1001,19924,0,15,0,0,51066;51066;51066;51066;51066;51066;51066;51066,0,0,0,60,0
5064,古老的壁画,2001,1001,21957,0,0,0,0,10035;10035;10035;10035;10035;10035;10035;10035;10035;10035;10035;10035;10035;10035;10035;10035;10035;10035;10035;10035,0,0,0,60,0
5065,变异史莱姆,2001,1001,23071,5,15,5,0,51067,0,0,0,60,0
5066,幼龙,2001,1001,24035,10,18,8,0,10037,0,0,0,60,0
5067,沉睡的绿龙,1003,2003,28050,0,0,0,0,51066;51066;51066;51066;51066;51066;51066;51066;51066;51066;51066;51066;51066;51066;51066;51066;51066;51066;51066;51066,0,0,0,60,0
5068,翡翠绿龙,1003,2003,30175,12,45,20,0,18006,0,0,0,60,0
5069,神庙逃亡,1003,2003,31991,0,0,0,0,10038,0,0,0,60,0
5070,中部的怪物,2001,1001,37472,0,20,0,0,51068;51068;51068;51068;51068;51068;51068;51068;51068;51068;51068;51068;51068;51068;51068;51068;51068;51068;51068;51068,0,0,0,60,0
5071,喵星人,2001,1001,39724,20,0,20,0,51033,0,0,0,60,0
5072,变异史莱姆,2001,1001,41656,5,15,5,0,51070;51070;51070;51070;51070;51070,0,0,0,60,0
5073,眼魔怪,1003,2003,48684,15,0,15,0,51073;51073;51073;51073,0,0,0,60,0
5074,魅魔,1003,2003,52060,10,20,20,0,51071,0,0,0,60,0
5075,异界魔物,1003,2003,54943,0,0,0,0,51073;51073;51073;51073;51073,0,0,0,60,0
5076,营地废墟,1002,2002,63612,0,0,0,0,51074;51074;51074;51074;51074;51074;51074;51074;51074;51074;51074;51074;51074;51074;51074;51074;51074;51074;51074;51074,0,0,0,60,0
5077,意外收获,1002,2002,67177,0,0,0,0,51075;51075;51075;51075;51075;51075;51075;51075;51075;51075;51075;51075;51075;51075;51075;51075;51075;51075;51075;51075,0,0,0,60,0
5078,蒙面人,1002,2002,70236,15,45,25,0,51042,0,0,0,60,0
5079,魔人再现,2004,1004,79225,5,20,10,0,51046,0,0,0,60,0
5080,魔化铁匠,2004,1004,82978,10,40,20,0,51056,0,0,0,60,0
5081,石场水车,2004,1004,86213,0,0,0,0,51059;51059;51059;51059;51059;51059;51059;51059;51059;51059;51059;51059;51059;51059;51059;51059;51059;51059;51059;51059,0,0,0,60,0
5082,强力魔人,2001,1001,96239,0,28,28,0,51049;51049;51055;51055,0,0,0,60,0
5083,蒙面人再现,2001,1001,100719,20,50,30,0,51042;51058;51058;51058,0,0,0,60,0
5084,以太狩猎团,2001,1001,104576,0,0,0,0,51042;51058;51058;51058;51058;51058,0,0,0,60,0
5085,水元素,2001,1001,114143,0,30,15,0,51075;51075;51075;51075;51075,0,0,0,60,0
5086,神秘老人,2001,1001,117690,0,0,0,0,51064;51064;51064;51064;51064;51064;51064;51064;51064;51064;51064;51064;51064;51064;51064;51064;51064;51064;51064;51064,0,0,0,60,0
5087,穴居恶魔,2001,1001,120791,5,25,15,0,51077,0,0,0,60,0
5088,洞穴秘宝,2001,1001,130667,0,0,0,0,51004;51004;51004;51004;51004;51004;51004;51004;51004;51004;51004;51004;51004;51004;51004;51004;51004;51004;51004;51004,0,0,0,60,0
5089,魔化巨蛛,2001,1001,135548,5,45,20,0,10085;10085;10085;10085;10085;10085;10085,0,0,0,60,0
5090,别有洞天,2001,1001,139776,0,0,0,0,51066;51066;51066;51066;51066;51066;51066;51066;51066;51066;51066;51066,0,0,0,60,0
5091,噩梦缠身,1002,2002,144342,1,0,0,0,51042;51058;51058;51058;51058;51058,0,0,0,60,0
5092,神秘的组织,1002,2002,149720,1,0,0,0,51068;51068;51068;51068;51068;51068;51068;51068;51068;51068;51068;51068,0,0,0,60,0
5093,高径悬崖,1002,2002,154372,1,0,0,0,51069;51069;51069;51069;51069;51069;51069;51069;51069;51069;51069;51069;51069;51069;51069;51069;51069;51069;51069;51069,0,0,0,60,0
5094,以太狩猎团,1002,2002,167422,22,60,40,0,10063,0,0,0,60,0
5095,身陷重围,1002,2002,173038,2,0,0,0,51071;51071;51071;51071;51071;51071;51071;51071;51071;51071;51071;51071,0,0,0,60,0
5096,高径瀑布,1002,2002,177912,2,0,0,0,51072;51072;51072;51072;51072;51072;51072;51072;51072;51072;51072;51072;51072;51072;51072;51072;51072;51072;51072;51072,0,0,0,60,0
5097,神仆,1003,2003,190604,3,0,0,0,51001,0,0,0,60,0
5098,无法逆转,1003,2003,195892,3,0,0,0,51073;51073;51073;51073;51073;51073;51073;51073;51073;51073;51073;51073;51073;51073;51073;51073;51073;51073;51073;51073,0,0,0,60,0
5099,传送法阵,1003,2003,200515,3,0,0,0,51074;51074;51074;51074;51074;51074;51074;51074;51074;51074;51074;51074;51074;51074;51074;51074;51074;51074;51074;51074,0,0,0,60,0
5100,苏醒的元素,1003,2003,222912,10,26,16,0,51075;51075;51075;51075;51075;51075;51075;51075;51075;51075;51075;51075,0,0,0,60,0
5101,狂暴的元素,1003,2003,235944,16,13,32,0,51062;51062;51062;51062;51062;51062;51062;51062;51062;51062;51062;51062,0,0,0,60,0
5102,时空裂缝,1003,2003,247032,4,0,0,0,51076,0,0,0,60,0
5103,虚空魔物,1003,2003,271745,13,28,18,0,51077;51077;51077;51077;51077;51077;51077;51077;51077;51077;51077;51077;51077;51077,0,0,0,60,0
5104,虚空遗骸,1003,2003,278867,5,0,0,0,51059;51059;51059;51059;51059;51059;51059;51059;51059;51059;51059;51059;51059;51059;51059;51059;51059;51059;51059;51059,0,0,0,60,0
5105,虚空荒原,1003,2003,285097,5,0,0,0,51077;51077;51077;51077;51077;51077;51077;51077;51077;51077;51077;51077;51077;51077,0,0,0,60,0
5106,危险荒原,1003,2003,304020,6,0,0,0,51061;51061;51061;51061;51061;51061;51061;51061;51061;51061;51061;51061;51061;51061;51061;51061;51061;51061;51061;51061,0,0,0,60,0
5107,虚空行者,1003,2003,313222,6,0,0,0,51062;51062;51062;51062;51062;51062;51062;51062;51062;51062;51062;51062;51062;51062;51062;51062;51062;51062;51062;51062,0,0,0,60,0
5108,虚空村庄,1003,2003,321207,6,0,0,0,51064;51064;51064;51064;51064;51064;51064;51064;51064;51064;51064;51064,0,0,0,60,0
5109,冷漠的村民,1002,2002,342323,7,0,0,0,10035;10035;10035;10035;10035;10035;10035;10035;10035;10035;10035;10035;10035;10035;10035;10035;10035;10035;10035;10035,0,0,0,60,0
5110,酒吧斗殴,1002,2002,351268,17,30,20,0,51002;51007;51007;51039;51039;51039;51039,0,0,0,60,0
5111,神秘的女子,1002,2002,359073,7,0,0,0,51004;51004;51004;51004;51004;51004;51004;51004;51004;51004;51004;51004;51004;51004;51004;51004;51004;51004;51004;51004,0,0,0,60,0
5112,虚空魔花,2004,1004,382450,14,30,10,0,51066;51066;51066;51066;51066;51066;51066;51066;51066;51066;51066;51066,0,0,0,60,0
5113,无尽的食人花,2004,1004,393606,14,30,10,0,51066;51066;51069;51066;51066;51069;51066;51066;51066;51069;51066;51066,0,0,0,60,0
5114,虚空王城,2004,1004,403280,14,30,10,0,51067;51067;51067;51067;51067;51067;51067;51067;51067;51067;51067;51067;51067;51067;51067;51067;51067;51067;51067;51067,0,0,0,60,0
5115,虚空盗贼,1002,2002,431590,19,30,20,0,51068;10010;10010;10010;10010;10010;10010;10010;10010;10010;10010;10010,0,0,0,60,0
5116,通用手势,1002,2002,444442,9,0,0,0,10009;10007;10007;10007;10007;10007;10007;10007;10007;10007;10007;10007,0,0,0,60,0
5117,过河拆桥,1002,2002,455566,9,0,0,0,10009;10007;10007;10007;10007;10007;10007;10007;10007;10007;10007;10007,0,0,0,60,0
5118,嚣张的守卫,1002,2002,488139,22,36,16,0,51044;10009;10009;10009;10009;10009;10009;10009;10009;10009;10009;10009,0,0,0,60,0
5119,生存法则,1002,2002,502770,10,0,0,0,51071;51071;51071;51071;51071;51071;51071;51071;51071;51071;51071;51071;51071;51071;51071;51071;51071;51071;51071;51071,0,0,0,60,0
5120,革命者之家,1002,2002,515420,10,0,0,0,51072;51072;51072;51072;51072;51072;51072;51072;51072;51072;51072;51072;51072;51072;51072;51072;51072;51072;51072;51072,0,0,0,60,0
5121,前哨战,1002,2002,487080,21,31,20,0,10003,0,0,0,60,0
5122,马克思佩恩,1002,2002,498797,11,1,0,0,51074;51074;51074;51074;51074;51074;51074;51074;51074;51074;51074;51074;51074;51074;51074;51074;51074;51074;51074;51074,0,0,0,60,0
5123,通往禁区的地图,1002,2002,509016,11,1,0,0,10065,0,0,0,60,0
5124,能量风暴,1003,2003,539482,22,32,20,0,51075;51075;51075;51075;51075;51075;51075;51075;51075;51075;51075;51075,0,0,0,60,0
5125,虚空星兽,1003,2003,553996,42,92,45,0,18009,0,0,0,60,0
5126,穿过禁区,1003,2003,566576,12,2,0,0,51061,0,0,0,60,0
5127,遗迹守卫,1002,2002,528720,23,63,20,0,51064;51064;51064;51064;51064;51064;51064;51064;51064;51064;51064;51064;51064;51064,0,0,0,60,0
5128,遗迹宝藏,1002,2002,575796,13,3,0,0,51061;51061;51061;51061;51061;51061;51061;51061;51061;51061;51061;51061;51061;51061,0,0,0,60,0
5129,遗迹核心,1002,2002,633042,13,3,0,0,51062;51062;51062;51062;51062;51062;51062;51062;51062;51062;51062;51062;51062;51062,0,0,0,60,0
5130,上古兵器,1002,2002,673450,14,4,0,0,16203,0,0,0,60,0
5131,矿物燃料,1002,2002,691488,14,4,0,0,51001,0,0,0,60,0
5132,前往王城,1002,2002,707098,14,4,0,0,10035;10035;10035;10035;10035;10035;10035;10035;10035;10035;10035;10035;10035;10035;10035;10035;10035;10035;10035;10035,0,0,0,60,0
5133,风暴前夕,2004,1004,751896,15,5,0,0,51044;51044;51044;10009;10009;10009;10009;10009;10009;10009;10009;10009;10009;10009,0,0,0,60,0
5134,陷入混乱,2004,1004,771808,20,45,20,0,51044;51044;51044;10009;10009;10009;10009;10009;10009;10009;10009;10009;10009;10009,0,0,0,60,0
5135,虚空教堂,2004,1004,789032,25,50,20,0,51001,0,0,0,60,0
5136,教堂守卫,1003,2003,838368,31,56,20,0,51148;51148;51148;51148;51148;51148;51148;51148;51148,0,0,0,60,0
5137,布里坦纳,1003,2003,860228,36,61,20,0,51001,0,0,0,60,0
5138,难免一战,1003,2003,879133,41,66,40,0,10074,0,0,0,60,0
5139,时空冤魂,2001,1001,933154,32,7,15,0,51067;51067;51067;51067;51067;51067;51067;51067;51067;51067;51067;51067;51067;51067;51067;51067;51067;51067;51067;51067,0,0,0,60,0
5140,时空之神,2001,1001,957036,17,7,0,0,16204,0,0,0,60,0
5141,再次穿越,2001,1001,977688,17,7,0,0,51068;51068;51068;51068;51068;51068;51068;51068;51068;51068;51068;51068;51068;51068;51068;51068;51068;51068;51068;51068,0,0,0,60,0
5142,时空乱象,1002,2002,1036541,18,8,0,0,51069;51069;51069;51069;51069;51069;51069;51069;51069;51069;51069;51069;51069;51069;51069;51069;51069;51069;51069;51069,0,0,0,60,0
5143,终极追杀,1002,2002,1062519,43,68,40,0,51042,0,0,0,60,0
5144,希望之穿越,1002,2002,1084986,18,8,0,0,51071;51071;51071;51071;51071;51071;51071;51071;51071;51071;51071;51071;51071;51071;51071;51071;51071;51071;51071;51071,0,0,0,60,0
5145,神秘的老者,1003,2003,1148818,19,9,0,0,51072;51072;51072;51072;51072;51072;51072;51072;51072;51072;51072;51072;51072;51072;51072;51072;51072;51072;51072;51072,0,0,0,60,0
5146,以太魔物,1003,2003,1176967,34,49,25,0,51073;51073;51073;51073;51073;51073;51073;51073;51073;51073;51073;51073;51073;51073;51073;51073;51073;51073;51073;51073,0,0,0,60,0
5147,重回初始之地,1003,2003,1201314,34,49,25,0,51074;51074;51074;51074;51074;51074;51074;51074;51074;51074;51074;51074;51074;51074;51074;51074;51074;51074;51074;51074,0,0,0,60,0
5148,污染的魔物,2001,1001,1272576,35,50,25,0,51075;51075;51075;51075;51075;51075;51075;51075;51075;51075;51075;51075;51075;51075;51075;51075;51075;51075;51075;51075,0,0,0,60,0
5149,污染的魔人,2001,1001,1304680,35,50,25,0,51002,0,0,0,60,0
5150,回归,2001,1001,1332392,35,50,25,0,51077;51077;51077;51077;51077;51077;51077;51077;51077;51077;51077;51077;51077;51077;51077;51077;51077;51077;51077;51077,0,0,0,60,0
5151,遗址,1003,2003,1323563,21,11,1,0,51059;51059;51059;51059;51059;51059;51059;51059;51059;51059;51059;51059;51059;51059;51059;51059;51059;51059;51059;51059,0,0,0,60,0
5152,怨灵,1003,2003,1356222,21,11,1,0,51060;51060;51060;51060;51060;51060;51060;51060;51060;51060;51060;51060;51060;51060;51060;51060;51060;51060;51060;51060,0,0,0,60,0
5153,新的使命,1003,2003,1384418,21,11,1,0,51061;51061;51061;51061;51061;51061;51061;51061;51061;51061;51061;51061;51061;51061;51061;51061;51061;51061;51061;51061,0,0,0,60,0
5154,以太蝙蝠,1003,2003,1467180,22,12,2,0,10092;10092;10092;10092;10092;10092;10092;10092;10092;10092;10092;10092;10092;10092;10092;10092,0,0,0,60,0
5155,荒原苦战,1003,2003,1504142,42,52,27,0,10084;10084;10084;10084;10084;10084;10084;10084;10084;10084;10084;10084;10084;10084;10084;10084,0,0,0,60,0
5156,逃离荒原,1003,2003,1536000,22,12,2,0,10035;10035;10035;10035;10035;10035;10035;10035;10035;10035;10035;10035;10035;10035;10035;10035;10035;10035;10035;10035,0,0,0,60,0
5157,火元素,2004,1004,1620563,33,53,28,0,51062;51062;51062;51062;51062;51062;51062;51062,0,0,0,60,0
5158,火焰领主,2004,1004,1655289,38,73,33,0,10061,0,0,0,60,0
5159,无尽的沙漠,2004,1004,1685408,23,13,3,0,51066;51066;51066;51066;51066;51066;51066;51066;51066;51066;51066;51066;51066;51066;51066;51066;51066;51066;51066;51066,0,0,0,60,0
5160,同路,2004,1004,1780461,24,14,4,0,51001,0,0,0,60,0
5161,沙漠劫匪,2004,1004,1826058,44,49,44,0,51039;51039;51039;51039;51039;51039;51039;51039;51039;51039;51039;51039;51039,0,0,0,60,0
5162,山脉,2004,1004,1865279,24,14,4,0,51068;51068;51068;51068;51068;51068;51068;51068;51068;51068;51068;51068;51068;51068;51068;51068;51068;51068;51068;51068,0,0,0,60,0
5163,绿洲食人花,1002,2002,1971675,25,60,20,0,51069;51069;51069;51069;51069;51069;51069;51069;51069;51069;51069;51069;51069;51069;51069;51069;51069;51069;51069;51069,0,0,0,60,0
5164,远古守卫,1002,2002,2015520,35,65,30,0,51061;51061;51061;51061;51061;51061;51061;51061;51061;51061;51061;51061;51061,0,0,0,60,0
5165,通往秘境,1002,2002,2053425,25,15,5,0,51071;51071;51071;51071;51071;51071;51071;51071;51071;51071;51071;51071;51071;51071;51071;51071;51071;51071;51071;51071,0,0,0,60,0
5166,思考,1003,2003,2167200,26,16,5,0,51001,0,0,0,60,0
5167,以太危机,1003,2003,2219298,26,16,5,0,10104;10104;10104;10104;10104;10104;10104;10104;10104;10104;10104;10104;10104,0,0,0,60,0
5168,天才少年凯,1003,2003,2264160,26,16,5,0,10025,0,0,0,60,0
5169,以太座狼,1002,2002,2380275,47,57,30,0,10084;10084;10084;10084;10084;10084;10084;10084;10084;10084;10084;10084;10084,0,0,0,60,0
5170,以太狼群,1002,2002,2426760,47,57,30,0,10084;10084;10084;10084;10084;10084;10084;10084;10084;10084;10084;10084;10084;10084;10084;10084,0,0,0,60,0
5171,神之秘境,1002,2002,2467125,27,17,5,0,18004,0,0,0,60,0
5172,残暴神仆,1003,2003,2590380,28,18,5,0,51077;51077;51077;51077;51077;51077;51077;51077;51077;51077;51077;51077;51077;51077;51077;51077;51077;51077;51077;51077,0,0,0,60,0
5173,神官,1003,2003,2648919,38,58,30,0,51129;51062;51062,0,0,0,60,0
5174,众神神殿,1003,2003,2699385,38,58,30,0,51060;51060;51060;51060;51060;51060;51060;51060;51060;51060;51060;51060;51060,0,0,0,60,0
5175,力量界限,2001,1001,2859593,29,19,5,0,51061;51061;51061;51061;51061;51061;51061;51061;51061;51061;51061;51061;51061,0,0,0,60,0
5176,弑神者,2001,1001,2934360,49,74,30,0,51062;51062;51062;51062;51062;51062;51062;51062;51062;51062;51062;51062,0,0,0,60,0
5177,大天使,2001,1001,2998418,54,79,35,0,10053,0,0,0,60,0
5178,以太军队,2001,1001,3166830,60,85,40,0,51001,0,0,0,60,0
5179,塞恩,2001,1001,3232608,55,105,43,0,18005,0,0,0,60,0
5180,时空漩涡,2001,1001,3289440,30,20,5,0,18001,0,0,0,60,0
5181,混沌纪元,1002,2002,3183075,36,81,21,1,51071;51071;51071;51071;51071;51071;51071;51071;51071;51071;51071;51071;51071;51071;51071;51071;51071;51071;51071;51071,0,0,0,60,0
5182,迷雾重重,1002,2002,3221585,36,86,26,1,51072;51072;51072;51072;51072;51072;51072;51072;51072;51072;51072;51072;51072;51072;51072;51072;51072;51072;51072;51072,0,0,0,60,0
5183,神秘老者,1002,2002,3255861,31,21,6,1,51073;51073;51073;51073;51073;51073;51073;51073;51073;51073;51073;51073;51073;51073;51073;51073;51073;51073;51073;51073,0,0,0,60,0
5184,混沌的元素,2004,1004,3338194,57,57,27,2,51075;51075;51075;51075;51075;51075;51075;51075;51075;51075;51075;51075;51075;51075;51075;51075;51075;51075,0,0,0,60,0
5185,混沌领主,2004,1004,3378226,77,67,37,2,18010,0,0,0,60,0
5186,前往初始位面,2004,1004,3413844,32,22,7,2,51076;51076;51076;51076;51076;51076;51076;51076;51076;51076;51076;51076;51076;51076;51076;51076;51076;51076;51076;51076,0,0,0,60,0
5187,神之考验,2001,1001,3801000,48,108,43,3,51132;51132;51132;51132;51132;51132,0,0,0,60,0
5188,众神指引,2001,1001,3916290,33,23,8,3,51059;51059;51059;51059;51059;51059;51059;51059;51059;51059;51059;51059;51059;51059;51059;51059;51059;51059;51059;51059,0,0,0,60,0
5189,新的征途,2001,1001,4025840,33,23,8,3,51060;51060;51060;51060;51060;51060;51060;51060;51060;51060;51060;51060;51060;51060;51060;51060;51060;51060;51060;51060,0,0,0,60,0
5190,万物初始,1002,2002,4200648,39,104,19,4,51133;51133;51133;51133;51133;51133;51133;51133;51133;51133;51133;51133;51133;51133;51133;51133;51133;51133;51133;51133,0,0,0,60,0
5191,初始凶兽,1002,2002,4311090,49,114,24,4,51134;51134;51134;51134;51134;51134;51134;51134,0,0,0,60,0
5192,苍蓝之镜,1002,2002,4336605,34,24,9,4,51064;51064;51064;51064;51064;51064;51064;51064;51064;51064;51064;51064;51064;51064;51064;51064;51064;51064;51064;51064,0,0,0,60,0
5193,碧蓝幼龙,1002,2002,4513355,55,85,40,5,51135,0,0,0,60,0
5194,碧蓝龙群,1002,2002,4635087,60,95,45,5,51135;51135;51135;51135;51135,0,0,0,60,0
5195,秘密小径,1002,2002,4750893,35,25,10,5,51005;51005;51005;51005;51005;51005;51005;51005;51005;51005;51005;51005;51005;51005;51005;51005;51005;51005;51005;51005,0,0,0,60,0
5196,苍蓝之力,1002,2002,4952997,36,26,10,5,51066;51066;51066;51066;51066;51066;51066;51066;51066;51066;51066;51066;51066;51066;51066;51066;51066;51066;51066;51066,0,0,0,60,0
5197,圣龙纳多,1002,2002,5516135,56,146,50,5,10240;51135;51135;51135;51135,0,0,0,60,0
5198,冰雪长廊,1002,2002,4689279,36,26,10,5,51068;51068;51068;51068;51068;51068;51068;51068;51068;51068;51068;51068;51068;51068;51068;51068;51068;51068;51068;51068,0,0,0,60,0
5199,神殿守卫,1002,2002,4795875,57,122,25,5,51136;51136;51136;51136;51136;51136;51136;51136;51136;51136;51136;51136;51136;51136;51136;51136;51136;51136,0,0,0,60,0
5200,奥黛雷赫,1002,2002,4831218,87,77,60,5,51137;51136;51136,0,0,0,60,0
5201,前往神殿,1002,2002,4860135,37,27,10,5,51069;51069;51069;51069;51069;51069;51069;51069;51069;51069;51069;51069;51069;51069;51069;51069;51069;51069;51069;51069,0,0,0,60,0
5202,冰雪女神,1002,2002,4966164,38,28,10,5,51070;51070;51070;51070;51070;51070;51070;51070;51070;51070;51070;51070;51070;51070;51070;51070;51070;51070;51070;51070,0,0,0,60,0
5203,女神之怒,1002,2002,5194079,58,128,40,5,51132;51136;51136;51136;51136,0,0,0,60,0
5204,神殿密道,1002,2002,5043276,38,28,10,5,51071;51071;51071;51071;51071;51071;51071;51071;51071;51071;51071;51071;51071;51071;51071;51071;51071;51071;51071;51071,0,0,0,60,0
5205,救世之路,1002,2002,5362364,59,134,45,5,51149;51138;51138;51138;51138;51138;51138;51138;51138;51138;51138;51138;51138;51138;51138;51138;51138;51138;51138;51138,0,0,0,60,0
5206,神殿近卫,1002,2002,5221995,59,139,50,5,51136;51136;51136;51136;51136;51136;51136;51136;51136;51136;51136;51136;51136;51136;51136;51136;51136;51136,0,0,0,60,0
5207,洪荒海岸,1002,2002,5458796,39,29,10,5,51074;51074;51074;51074;51074;51074;51074;51074;51074;51074;51074;51074;51074;51074;51074;51074;51074;51074;51074;51074,0,0,0,60,0
5208,始祖鱼人,2001,1001,4788840,65,140,45,5,51139;51139;51139;51139;51139;51139;51139;51139;51139;51139;51139;51139;51139;51139;51139;51139;51139;51139;51139;51139;51139;51139,0,0,0,60,0
5209,鱼人祭司,2001,1001,4823952,60,110,60,5,51139;51139;51139;51139;51139;51139;51139;51139;51139;51139;51139;51139;51139;51139;51139;51139;51139;51139;51139;51139;51139;51139,0,0,0,60,0
5210,洪荒之海,2001,1001,5054875,40,30,10,5,51077;51077;51077;51077;51077;51077;51077;51077;51077;51077;51077;51077;51077;51077;51077;51077;51077;51077;51077;51077,0,0,0,60,0
5211,深海之怒,2001,1001,4794725,41,31,11,6,51001,0,0,0,60,0
5212,海神利威亚桑,2001,1001,4834765,71,151,51,6,18004,0,0,0,60,0
5213,洪荒码头,2001,1001,4867525,41,31,11,6,51060;51060;51060;51060;51060;51060;51060;51060;51060;51060;51060;51060;51060;51060;51060;51060;51060;51060;51060;51060,0,0,0,60,0
5214,沧海一粟,2001,1001,4986963,42,32,12,7,51133;51133;51133;51133;51133;51133;51133;51133;51133;51133;51133;51133;51133;51133;51133;51133;51133;51133;51133;51133,0,0,0,60,0
5215,趁火打劫,2001,1001,5437271,72,122,32,7,51147;10226;10218;10208;10208;10208,0,0,0,60,0
5216,上船出发,2001,1001,5682222,42,32,12,7,51062;51062;51062;51062;51062;51062;51062;51062;51062;51062;51062;51062;51062;51062;51062;51062;51062;51062;51062;51062,0,0,0,60,0
5217,准入系统,2001,1001,6019748,63,133,38,8,51146;51146;51146,0,0,0,60,0
5218,难缠的守卫,2001,1001,6272370,63,138,43,8,51136;51136;51136;51136;51136;51136;51136;51136,0,0,0,60,0
5219,前往甲板,2001,1001,6414379,63,143,48,8,51136;51136;51136;51136;51136;51144;51144;51144;51144,0,0,0,60,0
5220,彪悍的厨师,2001,1001,6034938,64,154,54,9,51145,0,0,0,60,0
5221,海藻头剑士,2001,1001,6209136,64,154,54,9,10263;10264,0,0,0,60,0
5222,准入通过,2001,1001,6373374,44,34,14,9,51001,0,0,0,60,0
5223,船长的邀请,2001,1001,6659286,45,35,15,10,51005;51005;51005;51005;51005;51005;51005;51005;51005;51005;51005;51005;51005;51005;51005;51005;51005;51005;51005;51005,0,0,0,60,0
5224,杰克船长,2001,1001,6833502,85,135,65,10,51136;51144;51144;51144;51144,0,0,0,60,0
5225,扬帆起航,2001,1001,6998424,45,35,15,10,51066;51066;51066;51066;51066;51066;51066;51066;51066;51066;51066;51066;51066;51066;51066;51066;51066;51066;51066;51066,0,0,0,60,0
5226,魔能导航,2001,1001,6566742,45,36,15,10,51067;51067;51067;51067;51067;51067;51067;51067;51067;51067;51067;51067;51067;51067;51067;51067;51067;51067;51067;51067,0,0,0,60,0
5227,魔能守卫,2001,1001,6731689,45,156,55,10,51068;51068;51068;51068;51068;51068;51068;51068;51068;51068;51068;51068;51068;51068;51068;51068;51068;51068;51068;51068,0,0,0,60,0
5228,遭遇激流,2001,1001,6889487,45,36,15,10,51069;51069;51069;51069;51069;51069;51069;51069;51069;51069;51069;51069;51069;51069;51069;51069;51069;51069;51069;51069,0,0,0,60,0
5229,魔物入侵,2001,1001,7151508,65,137,45,10,51070;51070;51070;51070;51070;51070;51070;51070;51070;51070;51070;51070;51070;51070;51070;51070;51070;51070;51070;51070,0,0,0,60,0
5230,始祖魔物,2001,1001,7329348,75,157,45,10,18011,0,0,0,60,0
5231,无尽魔物,2001,1001,7498608,75,157,45,10,51071;51071;51071;51071;51071;51071;51071;51071;51071;51071;51071;51071;51071;51071;51071;51071;51071;51071;51071;51071,0,0,0,60,0
5232,前途未卜,2001,1001,7039578,45,38,15,10,51072;51072;51072;51072;51072;51072;51072;51072;51072;51072;51072;51072;51072;51072;51072;51072;51072;51072;51072;51072,0,0,0,60,0
5233,魔王,2001,1001,7227640,85,158,55,10,51142;51142;51142;51142;51142;51142,0,0,0,60,0
5234,神启航线,2001,1001,7406354,45,38,15,10,51074;51074;51074;51074;51074;51074;51074;51074;51074;51074;51074;51074;51074;51074;51074;51074;51074;51074;51074;51074,0,0,0,60,0
5235,航路魔物,2001,1001,7693969,45,39,15,10,51075;51075;51075;51075;51075;51075;51075;51075;51075;51075;51075;51075;51075;51075;51075;51075;51075;51075;51075;51075,0,0,0,60,0
5236,水龙幼龙,2001,1001,7878000,95,99,35,10,51135;51135;51135;51135;51135,0,0,0,60,0
5237,迷雾之海,2001,1001,8053907,45,39,15,10,51077;51077;51077;51077;51077;51077;51077;51077;51077;51077;51077;51077;51077;51077;51077;51077;51077;51077;51077;51077,0,0,0,60,0
5238,迷之魔物,2001,1001,7534072,80,120,60,10,51141;51141;51141;51141;51141;51141;51141;51141;51141;51141;51141;51141;51141;51141;51141;51141;51141;51141;51141;51141,0,0,0,60,0
5239,迷之首领,2001,1001,7722406,90,130,70,10,51140,0,0,0,60,0
5240,孤岛危机,2001,1001,7902674,45,40,15,10,51001,0,0,0,60,0
5241,补给站,1002,2002,11969478,46,40,15,10,51133;51133;51133;51133;51133;51133;51133;51133;51133;51133;51133;51133;51133;51133;51133;51133;51133;51133;51133;51133,0,0,0,60,0
5242,禁止通过,1002,2002,12253860,76,160,55,10,51062;51062;51062;51062;51062;51062;51062;51062;51062;51062;51062;51062;51062;51062;51062;51062;51062;51062;51062;51062,0,0,0,60,0
5243,禁区,1002,2002,12525893,46,40,15,10,51064;51064;51064;51064;51064;51064;51064;51064;51064;51064;51064;51064;51064;51064;51064;51064;51064;51064;51064;51064,0,0,0,60,0
5244,天龙人保镖,1002,2002,10532403,47,40,15,10,10035;10035;10035;10035;10035;10035;10035;10035;10035;10035;10035;10035;10035;10035;10035;10035;10035;10035;10035;10035,0,0,0,60,0
5245,海扁,1002,2002,10514125,77,40,15,10,5245;5245;5245;5245;5245;5245;5245;5245;5245;5245;5245;5245;5245;5245;5245;5245;5245;5245;5245;5245,0,0,0,60,0
5246,急速坠落,1002,2002,10778914,47,40,15,10,51005;51005;51005;51005;51005;51005;51005;51005;51005;51005;51005;51005;51005;51005;51005;51005;51005;51005;51005;51005,0,0,0,60,0
5247,固定光翼,1002,2002,11180702,48,40,15,10,51066;51066;51066;51066;51066;51066;51066;51066;51066;51066;51066;51066;51066;51066;51066;51066;51066;51066;51066;51066,0,0,0,60,0
5248,始祖飞龙,1002,2002,11468824,88,145,60,10,18006,0,0,0,60,0
5249,有惊无险,1002,2002,11746161,48,40,15,10,51067;51067;51067;51067;51067;51067;51067;51067;51067;51067;51067;51067;51067;51067;51067;51067;51067;51067;51067;51067,0,0,0,60,0
5250,苍穹奇迹,1002,2002,12169025,49,40,15,10,51068;51068;51068;51068;51068;51068;51068;51068;51068;51068;51068;51068;51068;51068;51068;51068;51068;51068;51068;51068,0,0,0,60,0
5251,暴怒的元素,1002,2002,12466356,104,95,70,10,2035;2035;2035;2035;2035;2035;2035;2035;2035;2035;2035;2035;2035;2035;2035;2035;2035;2035;2035;2035,0,0,0,60,0
5252,天幕之境,1002,2002,12752325,49,40,15,10,51069;51069;51069;51069;51069;51069;51069;51069;51069;51069;51069;51069;51069;51069;51069;51069;51069;51069;51069;51069,0,0,0,60,0
5253,狂野魔兽,1002,2002,13186808,95,150,55,10,51061;51061;51061;51061;51061;51061;51061;51061;51061;51061;51061;51061;51061;51061;51061;51061;51061;51061;51061;51061,0,0,0,60,0
5254,狩猎开始,1002,2002,13491235,100,160,60,10,51071;51071;51071;51071;51071;51071;51071;51071;51071;51071;51071;51071;51071;51071;51071;51071;51071;51071;51071;51071,0,0,0,60,0
5255,天幕荒原,1002,2002,13784025,50,40,15,10,51072;51072;51072;51072;51072;51072;51072;51072;51072;51072;51072;51072;51072;51072;51072;51072;51072;51072;51072;51072,0,0,0,60,0
5256,王牌猎手,1002,2002,14202386,50,40,15,10,51073;51073;51073;51073;51073;51073;51073;51073;51073;51073;51073;51073;51073;51073;51073;51073;51073;51073;51073;51073,0,0,0,60,0
5257,史前巨兽,1002,2002,14494819,80,180,65,10,3101,0,0,0,60,0
5258,寻找失落之城,1002,2002,14778162,50,40,15,10,51075;51075;51075;51075;51075;51075;51075;51075;51075;51075;51075;51075;51075;51075;51075;51075;51075;51075;51075;51075,0,0,0,60,0
5259,废墟恶徒,1002,2002,15206080,80,160,55,10,51061;51061;51061;51061;51061;51061;51061;51061;51061;51061;51061;51061;51061;51061;51061;51061;51061;51061;51061;51061,0,0,0,60,0
5260,废墟强盗,1002,2002,15525185,70,170,55,10,51044;51044;51044;51044;51044;51044;51044;51044;51044;51044;51044;51044;51044;51044;51044;51044;51044;51044;51044;51044,0,0,0,60,0
5261,失落之城,1002,2002,15831750,50,40,15,10,51001,0,0,0,60,0
5262,市井混混,1002,2002,12262068,80,170,55,10,51039;51039;51039;51039;51039;51039;51039;51039;51039;51039;51039;51039;51039;51039;51039;51039;51039;51039;51039;51039,0,0,0,60,0
5263,黑帮教父,1002,2002,12227450,105,40,95,10,10073;10073;10073;10073;10073;10073;10073;10073;10073;10073;10073;10073;10073;10073;10073;10073;10073;10073;10073;10073,0,0,0,60,0
5264,前往内城,1002,2002,12524325,50,40,15,10,51059;51059;51059;51059;51059;51059;51059;51059;51059;51059;51059;51059;51059;51059;51059;51059;51059;51059;51059;51059,0,0,0,60,0
5265,矩阵防御,1002,2002,12947740,50,190,15,10,51060;51133;51060;51133;51060;51133;51060;51133;51060;51133;51060;51133;51060;51133;51060;51133;51060;51133;51060;51133,0,0,0,60,0
5266,防御守卫,1002,2002,13263197,60,200,35,10,10063;51060;10063;51060;10063;51060;10063;51060;10063;51060;10063;51060;10063;51060;10063;51060;10063;51060;10063;51060,0,0,0,60,0
5267,前往河道 ,1002,2002,13568850,50,40,15,10,51062;51062;51062;51062;51062;51062;51062;51062;51062;51062;51062;51062;51062;51062;51062;51062;51062;51062;51062;51062,0,0,0,60,0
5268,护城卫兵,1002,2002,14016063,60,200,35,10,51064;51064;51064;51064;51064;51064;51064;51064;51064;51064;51064;51064;51064;51064;51064;51064;51064;51064;51064;51064,0,0,0,60,0
5269,卫队百夫长,1002,2002,14346976,70,200,45,10,51139;51139;51139;51139;51139;51139;51139;51139;51139;51139;51139;51139;51139;51139;51139;51139;51139;51139;51139;51139,0,0,0,60,0
5270,庞贝城再现,1002,2002,14666528,50,40,15,10,51004;51004;51004;51004;51004;51004;51004;51004;51004;51004;51004;51004;51004;51004;51004;51004;51004;51004;51004;51004,0,0,0,60,0
5271,魔导卫兵,1002,2002,15130460,50,40,15,10,51005;51005;51005;51005;51005;51005;51005;51005;51005;51005;51005;51005;51005;51005;51005;51005;51005;51005;51005;51005,0,0,0,60,0
5272,魔导卫兵,1002,2002,15465316,70,190,45,10,51066;51066;51066;51066;51066;51066;51066;51066;51066;51066;51066;51066;51066;51066;51066;51066;51066;51066;51066;51066,0,0,0,60,0
5273,魔导卫兵,1002,2002,15789000,70,190,45,10,51067;51067;51067;51067;51067;51067;51067;51067;51067;51067;51067;51067;51067;51067;51067;51067;51067;51067;51067;51067,0,0,0,60,0
5274,伟业考核,1002,2002,16260770,50,40,15,10,51068;51068;51068;51068;51068;51068;51068;51068;51068;51068;51068;51068;51068;51068;51068;51068;51068;51068;51068;51068,0,0,0,60,0
5275,伟业邀请函,1002,2002,16605088,80,200,45,10,51069;51069;51069;51069;51069;51069;51069;51069;51069;51069;51069;51069;51069;51069;51069;51069;51069;51069;51069;51069,0,0,0,60,0
5276,前往新街,1002,2002,16937550,50,40,15,10,51070;51070;51070;51070;51070;51070;51070;51070;51070;51070;51070;51070;51070;51070;51070;51070;51070;51070;51070;51070,0,0,0,60,0
5277,庞贝内城,1002,2002,17434400,70,200,95,10,51071;51071;51071;51071;51071;51071;51071;51071;51071;51071;51071;51071;51071;51071;51071;51071;51071;51071;51071;51071,0,0,0,60,0
5278,防御系统,1002,2002,17795115,70,210,100,10,51072;51072;51072;51072;51072;51072;51072;51072;51072;51072;51072;51072;51072;51072;51072;51072;51072;51072;51072;51072,0,0,0,60,0
5279,庞贝伟业,1002,2002,18142245,80,220,105,10,51073;51073;51073;51073;51073;51073;51073;51073;51073;51073;51073;51073;51073;51073;51073;51073;51073;51073;51073;51073,0,0,0,60,0
5280,魔导学院,1002,2002,14019264,70,220,105,10,51074;51074;51074;51074;51074;51074;51074;51074;51074;51074;51074;51074;51074;51074;51074;51074;51074;51074;51074;51074,0,0,0,60,0
5281,魔物研究,1002,2002,13960250,50,40,15,10,51075;51075;51075;51075;51075;51075;51075;51075;51075;51075;51075;51075;51075;51075;51075;51075;51075;51075;51075;51075,0,0,0,60,0
5282,上古学院,1002,2002,14283060,50,40,15,10,51076;51076;51076;51076;51076;51076;51076;51076;51076;51076;51076;51076;51076;51076;51076;51076;51076;51076;51076;51076,0,0,0,60,0
5283,研究课题,1002,2002,14711320,50,40,15,10,51001,0,0,0,60,0
5284,究极神兵,1002,2002,15049615,80,220,105,10,51001,0,0,0,60,0
5285,英雄学院,1002,2002,15379740,50,40,15,10,51077;51077;51077;51077;51077;51077;51077;51077;51077;51077;51077;51077;51077;51077;51077;51077;51077;51077;51077;51077,0,0,0,60,0
5286,希望之路,1002,2002,15844813,50,40,15,10,51001,0,0,0,60,0
5287,末日预言,1002,2002,16208976,80,200,95,10,51059;51059;51059;51059;51059;51059;51059;51059;51059;51059;51059;51059;51059;51059;51059;51059;51059;51059;51059;51059,0,0,0,60,0
5288,试炼之路,1002,2002,16561778,50,40,15,10,51060;51060;51060;51060;51060;51060;51060;51060;51060;51060;51060;51060;51060;51060;51060;51060;51060;51060;51060;51060,0,0,0,60,0
5289,试炼守卫,1002,2002,17042430,110,40,175,10,51001,0,0,0,60,0
5290,试炼守卫,1002,2002,17397920,50,220,15,10,51133;51133;51133;51133;51133;51133;51133;51133;51133;51133;51133;51133;51133;51133;51133;51133;51133;51133;51133;51133,0,0,0,60,0
5291,试炼守卫,1002,2002,17744100,50,230,15,10,51062;51062;51062;51062;51062;51062;51062;51062;51062;51062;51062;51062;51062;51062;51062;51062;51062;51062;51062;51062,0,0,0,60,0
5292,失控的守卫,1002,2002,18213685,65,210,100,10,51001,0,0,0,60,0
5293,错乱的守卫,1002,2002,18577060,70,220,105,10,51064;51064;51064;51064;51064;51064;51064;51064;51064;51064;51064;51064;51064;51064;51064;51064;51064;51064;51064;51064,0,0,0,60,0
5294,前往传送门,1002,2002,18930555,50,40,15,10,10035;10035;10035;10035;10035;10035;10035;10035;10035;10035;10035;10035;10035;10035;10035;10035;10035;10035;10035;10035,0,0,0,60,0
5295,错乱的守卫,1002,2002,19440800,75,220,105,10,51004;51004;51004;51004;51004;51004;51004;51004;51004;51004;51004;51004;51004;51004;51004;51004;51004;51004;51004;51004,0,0,0,60,0
5296,不稳定通道,1002,2002,19832865,50,40,15,10,51005;51005;51005;51005;51005;51005;51005;51005;51005;51005;51005;51005;51005;51005;51005;51005;51005;51005;51005;51005,0,0,0,60,0
5297,通道展开,1002,2002,20211345,50,40,15,10,51066;51066;51066;51066;51066;51066;51066;51066;51066;51066;51066;51066;51066;51066;51066;51066;51066;51066;51066;51066,0,0,0,60,0
5298,守护天使,1002,2002,15635214,80,225,110,10,51001,0,0,0,60,0
5299,战斗光天使,1002,2002,15589500,50,40,15,10,51067;51067;51067;51067;51067;51067;51067;51067;51067;51067;51067;51067;51067;51067;51067;51067;51067;51067;51067;51067,0,0,0,60,0
5300,灵感位面,1002,2002,15966698,50,40,15,10,51068;51068;51068;51068;51068;51068;51068;51068;51068;51068;51068;51068;51068;51068;51068;51068;51068;51068;51068;51068,0,0,0,60,0
5301,位面战争,1002,2002,16459092,50,40,15,10,51069;51069;51069;51069;51069;51069;51069;51069;51069;51069;51069;51069;51069;51069;51069;51069;51069;51069;51069;51069,0,0,0,60,0
5302,炽天使,1002,2002,16826568,70,230,115,10,51070;51070;51070;51070;51070;51070;51070;51070;51070;51070;51070;51070;51070;51070;51070;51070;51070;51070;51070;51070,0,0,0,60,0
5303,灵感神殿,1002,2002,17186526,50,40,15,10,51071;51071;51071;51071;51071;51071;51071;51071;51071;51071;51071;51071;51071;51071;51071;51071;51071;51071;51071;51071,0,0,0,60,0
5304,神殿禁区,1002,2002,17694463,50,40,15,10,51072;51072;51072;51072;51072;51072;51072;51072;51072;51072;51072;51072;51072;51072;51072;51072;51072;51072;51072;51072,0,0,0,60,0
5305,禁区守卫,1002,2002,18103960,70,220,105,10,51073;51073;51073;51073;51073;51073;51073;51073;51073;51073;51073;51073;51073;51073;51073;51073;51073;51073;51073;51073,0,0,0,60,0
5306,初识领域,1002,2002,18500348,50,40,15,10,51074;51074;51074;51074;51074;51074;51074;51074;51074;51074;51074;51074;51074;51074;51074;51074;51074;51074;51074;51074,0,0,0,60,0
5307,位面中枢,1002,2002,19072865,70,220,105,10,51075;51075;51075;51075;51075;51075;51075;51075;51075;51075;51075;51075;51075;51075;51075;51075;51075;51075;51075;51075,0,0,0,60,0
5308,女神投影,1002,2002,19494190,50,40,15,10,51001,0,0,0,60,0
5309,领域核心,1002,2002,19901550,50,40,15,10,51001,0,0,0,60,0
5310,阴谋诡计,1002,2002,20494018,110,120,135,10,51001,0,0,0,60,0
5311,异位面英雄,1002,2002,20927170,110,220,105,10,51076;51076;51076;51076;51076;51076;51076;51076;51076;51076;51076;51076;51076;51076;51076;51076;51076;51076;51076;51076,0,0,0,60,0
5312,核心裂缝,1002,2002,21345503,50,40,15,10,51001,0,0,0,60,0
5313,恶魔入侵,1002,2002,21957920,70,220,105,10,51001,0,0,0,60,0
5314,恶魔入侵,1002,2002,22402900,75,230,110,10,51077;51077;51077;51077;51077;51077;51077;51077;51077;51077;51077;51077;51077;51077;51077;51077;51077;51077;51077;51077,0,0,0,60,0
5315,时空裂痕,1002,2002,22832205,50,40,15,10,51059;51059;51059;51059;51059;51059;51059;51059;51059;51059;51059;51059;51059;51059;51059;51059;51059;51059;51059;51059,0,0,0,60,0
5316,罪恶之源,1002,2002,17650962,50,40,15,10,51060;51060;51060;51060;51060;51060;51060;51060;51060;51060;51060;51060;51060;51060;51060;51060;51060;51060;51060;51060,0,0,0,60,0
5317,邪恶的英雄,1002,2002,17589250,110,220,105,10,51133;51133;51133;51133;51133;51133;51133;51133;51133;51133;51133;51133;51133;51133;51133;51133;51133;51133;51133;51133,0,0,0,60,0
5318,以太风暴,1002,2002,18006443,50,40,15,10,51062;51062;51062;51062;51062;51062;51062;51062;51062;51062;51062;51062;51062;51062;51062;51062;51062;51062;51062;51062,0,0,0,60,0
5319,风暴魔物,1002,2002,18581810,70,240,115,10,51064;51064;51064;51064;51064;51064;51064;51064;51064;51064;51064;51064;51064;51064;51064;51064;51064;51064;51064;51064,0,0,0,60,0
5320,风暴魔物,1002,2002,19022230,70,240,115,10,10035;10035;10035;10035;10035;10035;10035;10035;10035;10035;10035;10035;10035;10035;10035;10035;10035;10035;10035;10035,0,0,0,60,0
5321,风暴中心,1002,2002,19450395,50,40,15,10,51001,0,0,0,60,0
5322,沉重的脚步,1002,2002,20045713,50,40,15,10,51001,0,0,0,60,0
5323,短暂休整,1002,2002,20497960,50,40,15,10,51004;51004;51004;51004;51004;51004;51004;51004;51004;51004;51004;51004;51004;51004;51004;51004;51004;51004;51004;51004,0,0,0,60,0
5324,风暴之眼,1002,2002,20937098,50,40,15,10,51005;51005;51005;51005;51005;51005;51005;51005;51005;51005;51005;51005;51005;51005;51005;51005;51005;51005;51005;51005,0,0,0,60,0
5325,末日哨兵,1002,2002,21552365,75,230,110,10,51066;51066;51066;51066;51066;51066;51066;51066;51066;51066;51066;51066;51066;51066;51066;51066;51066;51066;51066;51066,0,0,0,60,0
5326,末日之主,1002,2002,22016440,80,240,115,10,51067;51067;51067;51067;51067;51067;51067;51067;51067;51067;51067;51067;51067;51067;51067;51067;51067;51067;51067;51067,0,0,0,60,0
5327,末日小径,1002,2002,22466550,50,40,15,10,51001,0,0,0,60,0
5328,末日士兵,1002,2002,23101768,80,240,115,10,51068;51068;51068;51068;51068;51068;51068;51068;51068;51068;51068;51068;51068;51068;51068;51068;51068;51068;51068;51068,0,0,0,60,0
5329,末日领主,1002,2002,23577670,90,260,125,10,51069;51069;51069;51069;51069;51069;51069;51069;51069;51069;51069;51069;51069;51069;51069;51069;51069;51069;51069;51069,0,0,0,60,0
5330,火焰之路,1002,2002,24038753,50,40,15,10,51070;51070;51070;51070;51070;51070;51070;51070;51070;51070;51070;51070;51070;51070;51070;51070;51070;51070;51070;51070,0,0,0,60,0
5331,险象环生,1002,2002,24693920,50,40,15,10,51071;51071;51071;51071;51071;51071;51071;51071;51071;51071;51071;51071;51071;51071;51071;51071;51071;51071;51071;51071,0,0,0,60,0
5332,且战且退,1002,2002,25181650,95,265,130,10,51001,0,0,0,60,0
5333,火焰洞穴,1002,2002,25653705,50,40,15,10,51072;51072;51072;51072;51072;51072;51072;51072;51072;51072;51072;51072;51072;51072;51072;51072;51072;51072;51072;51072,0,0,0,60,0
5334,矿洞秘宝,1002,2002,19805562,50,40,15,10,51073;51073;51073;51073;51073;51073;51073;51073;51073;51073;51073;51073;51073;51073;51073;51073;51073;51073;51073;51073,0,0,0,60,0
5335,矿洞主人,1002,2002,19726750,60,290,140,10,51001,0,0,0,60,0
5336,矿洞密道,1002,2002,20186693,50,40,15,10,51001,0,0,0,60,0
5337,决战前夕,1002,2002,20804810,80,230,100,10,51074;51074;51074;51074;51074;51074;51074;51074;51074;51074;51074;51074;51074;51074;51074;51074;51074;51074;51074;51074,0,0,0,60,0
5338,末日巡逻队,1002,2002,21287980,90,240,115,10,51075;51075;51075;51075;51075;51075;51075;51075;51075;51075;51075;51075;51075;51075;51075;51075;51075;51075;51075;51075,0,0,0,60,0
5339,以太前哨,1002,2002,21758895,95,220,105,10,51076;51076;51076;51076;51076;51076;51076;51076;51076;51076;51076;51076;51076;51076;51076;51076;51076;51076;51076;51076,0,0,0,60,0
5340,末日大军,1002,2002,22396963,90,250,120,10,51077;51077;51077;51077;51077;51077;51077;51077;51077;51077;51077;51077;51077;51077;51077;51077;51077;51077;51077;51077,0,0,0,60,0
5341,希望的火种,1002,2002,22891960,50,40,15,10,51059;51059;51059;51059;51059;51059;51059;51059;51059;51059;51059;51059;51059;51059;51059;51059;51059;51059;51059;51059,0,0,0,60,0
5342,末日山脊,1002,2002,23373848,50,40,15,10,51060;51060;51060;51060;51060;51060;51060;51060;51060;51060;51060;51060;51060;51060;51060;51060;51060;51060;51060;51060,0,0,0,60,0
5343,秘密基地,1002,2002,24031865,50,40,15,10,51133;51133;51133;51133;51133;51133;51133;51133;51133;51133;51133;51133;51133;51133;51133;51133;51133;51133;51133;51133,0,0,0,60,0
5344,恶魔苏醒,1002,2002,24538690,90,260,125,10,51001,0,0,0,60,0
5345,末日要塞,1002,2002,25031550,50,40,15,10,51001,0,0,0,60,0
5346,女神降临,1002,2002,25709518,50,40,15,10,51062;51062;51062;51062;51062;51062;51062;51062;51062;51062;51062;51062;51062;51062;51062;51062;51062;51062;51062;51062,0,0,0,60,0
5347,最终之战,1002,2002,26228170,80,270,130,10,51064;51064;51064;51064;51064;51064;51064;51064;51064;51064;51064;51064;51064;51064;51064;51064;51064;51064;51064;51064,0,0,0,60,0
5348,宿命决战,1002,2002,26732003,50,40,15,10,10035;10035;10035;10035;10035;10035;10035;10035;10035;10035;10035;10035;10035;10035;10035;10035;10035;10035;10035;10035,0,0,0,60,0
5349,灵感,1002,2002,27429920,50,40,15,10,51004;51004;51004;51004;51004;51004;51004;51004;51004;51004;51004;51004;51004;51004;51004;51004;51004;51004;51004;51004,0,0,0,60,0
5350,宿命决战,1002,2002,27960400,90,280,135,10,51005;51005;51005;51005;51005;51005;51005;51005;51005;51005;51005;51005;51005;51005;51005;51005;51005;51005;51005;51005,0,0,0,60,0
5351,时间枷锁,1002,2002,28475205,50,40,15,10,51001,0,0,0,60,0
5352,身陷漩涡,1002,2002,21960162,50,40,15,10,51066;51066;51066;51066;51066;51066;51066;51066;51066;51066;51066;51066;51066;51066;51066;51066;51066;51066;51066;51066,0,0,0,60,0
5353,漩涡怪物,1002,2002,21864250,105,95,170,10,51067;51067;51067;51067;51067;51067;51067;51067;51067;51067;51067;51067;51067;51067;51067;51067;51067;51067;51067;51067,0,0,0,60,0
5354,打破枷锁,1002,2002,22366943,50,40,15,10,51068;51068;51068;51068;51068;51068;51068;51068;51068;51068;51068;51068;51068;51068;51068;51068;51068;51068;51068;51068,0,0,0,60,0
5355,不祥的预感,1002,2002,23027810,50,40,15,10,51069;51069;51069;51069;51069;51069;51069;51069;51069;51069;51069;51069;51069;51069;51069;51069;51069;51069;51069;51069,0,0,0,60,0
5356,魔化末日领主,1002,2002,23553730,100,290,140,10,51070;51070;51070;51070;51070;51070;51070;51070;51070;51070;51070;51070;51070;51070;51070;51070;51070;51070;51070;51070,0,0,0,60,0
5357,灭世之光,1002,2002,24067395,50,40,15,10,51001,0,0,0,60,0
5358,混沌的虚无,1002,2002,24748213,50,40,15,10,51071;51071;51071;51071;51071;51071;51071;51071;51071;51071;51071;51071;51071;51071;51071;51071;51071;51071;51071;51071,0,0,0,60,0
5359,纪元凶兽,1002,2002,25285960,75,490,205,50,51072;51072;51072;51072;51072;51072;51072;51072;51072;51072;51072;51072;51072;51072;51072;51072;51072;51072;51072;51072,0,0,0,60,0
5360,纪元终结,1002,2002,25810598,50,40,15,10,51073;51073;51073;51073;51073;51073;51073;51073;51073;51073;51073;51073;51073;51073;51073;51073;51073;51073;51073;51073,0,0,0,60,0
12345,绝灭,1002,2002,73932,20,45,25,5,123457,0,0,0,0,0
12346,绝灭,1002,2002,608850,20,30,20,10,123457,0,0,0,0,0
12347,绝灭,1003,2003,3018880,15,0,0,15,123457,0,0,0,0,0
12348,绝灭,2001,1001,7438100,50,120,40,20,123457,0,0,0,0,0
12349,绝灭,1002,2002,15257704,55,140,50,25,123457,0,0,0,0,0
12350,奥拉什,2004,1004,87345,15,40,20,5,123458,0,0,0,0,0
12351,奥拉什,1003,2003,692494,40,90,45,10,123458,0,0,0,0,0
12352,奥拉什,1002,2002,3235680,35,40,25,15,123458,0,0,0,0,0
12353,奥拉什,2001,1001,8365032,50,90,20,20,123458,0,0,0,0,0
12354,奥拉什,1002,2002,16342300,45,130,40,25,123458,0,0,0,0,0
12355,急冻魔,1002,2002,171524,5,0,0,5,123459,0,0,0,0,0
12356,急冻魔,1002,2002,660900,20,60,20,10,123459,0,0,0,0,0
12357,急冻魔,1003,2003,3599180,25,40,25,15,123459,0,0,0,0,0
12358,急冻魔,2001,1001,9868275,40,110,35,20,123459,0,0,0,0,0
12359,急冻魔,1002,2002,12907440,55,130,40,25,123459,0,0,0,0,0
12360,塑沙者,2001,1001,127148,10,25,15,5,123460,0,0,0,0,0
12361,塑沙者,1002,2002,841812,10,0,0,10,123460;123460,0,0,0,0,0
12362,塑沙者,2001,1001,3997890,40,60,30,15,123460;123460;123460,0,0,0,0,0
12363,塑沙者,2001,1001,9552516,40,120,40,20,123460;123460;123460;123460,0,0,0,0,0
12364,塑沙者,1002,2002,13961260,35,160,20,25,123460;123460;123460;123460;123460,0,0,0,0,0
12365,缠丝女魔,2001,1001,142682,10,45,20,5,123461,0,0,0,0,0
12366,缠丝女魔,2004,1004,964760,15,40,20,10,123461,0,0,0,0,0
12367,缠丝女魔,2001,1001,4310144,40,85,38,15,123461,0,0,0,0,0
12368,缠丝女魔,2001,1001,10513080,60,100,50,20,123461,0,0,0,0,0
12369,缠丝女魔,1002,2002,15102080,45,160,30,25,123461,0,0,0,0,0
12370,贪食魔,1002,2002,171524,5,0,0,5,123462,0,0,0,0,0
12371,贪食魔,1003,2003,1098916,35,60,40,10,123462,0,0,0,0,0
12372,贪食魔,1002,2002,4602264,20,65,20,15,123462,0,0,0,0,0
12373,贪食魔,2001,1001,10356444,20,120,40,20,123462,0,0,0,0,0
12374,贪食魔,1002,2002,16620000,45,150,30,25,123462,0,0,0,0,0
12375,佩伦迪,1002,2002,186024,25,60,40,5,123463,0,0,0,0,0
12376,佩伦迪,2001,1001,1166442,25,0,15,10,123463,0,0,0,0,0
12377,佩伦迪,2004,1004,4826037,60,45,30,15,123463,0,0,0,0,0
12378,佩伦迪,2001,1001,11536320,50,120,30,20,123463,0,0,0,0,0
12379,佩伦迪,1002,2002,17479040,55,160,30,25,123463,0,0,0,0,0
12380,白骨术士,1003,2003,262160,17,13,32,5,123464,0,0,0,0,0
12381,白骨术士,1002,2002,1295676,10,0,0,10,123464;123464,0,0,0,0,0
12382,白骨术士,2001,1001,5430000,30,85,35,15,123464;123464;123464,0,0,0,0,0
12383,白骨术士,2001,1001,11119446,60,120,40,20,123464;123464;123464;123464,0,0,0,0,0
12384,白骨术士,1002,2002,19097100,55,180,90,25,123464;123464;123464;123464;123464,0,0,0,0,0
12385,狂屠,1003,2003,247680,11,26,16,5,123465,0,0,0,0,0
12386,狂屠,1003,2003,1471208,25,40,25,10,123465,0,0,0,0,0
12387,狂屠,1002,2002,6000925,20,80,10,15,123465,0,0,0,0,0
12388,狂屠,2001,1001,12120000,70,60,20,20,123465,0,0,0,0,0
12389,狂屠,1002,2002,14757120,45,180,90,25,123465,0,0,0,0,0
12390,凝霜,1003,2003,301938,13,28,18,5,123466,0,0,0,0,0
12391,凝霜,2001,1001,1590720,25,40,25,10,123466,0,0,0,0,0
12392,凝霜,1002,2002,6447650,35,60,30,15,123466,0,0,0,0,0
12393,凝霜,2001,1001,11590880,55,80,45,20,123466,0,0,0,0,0
12394,凝霜,1002,2002,15485600,25,0,0,25,123466,0,0,0,0,0
12395,岩石咏唱者,1003,2003,356896,5,0,0,5,123467,0,0,0,0,0
12396,岩石咏唱者,1003,2003,1808296,10,0,0,10,123467,0,0,0,0,0
12397,岩石咏唱者,1002,2002,7880192,35,120,40,15,123467,0,0,0,0,0
12398,岩石咏唱者,1002,2002,12599450,20,0,0,20,123467,0,0,0,0,0
12399,岩石咏唱者,1002,2002,16678750,25,0,0,25,123467,0,0,0,0,0
12400,炼狱侍女,1002,2002,390297,15,30,20,5,123468,0,0,0,0,0
12401,炼狱侍女,1003,2003,1956240,10,0,0,10,123468;123468,0,0,0,0,0
12402,炼狱侍女,1002,2002,6851250,35,95,15,15,123468;123468;123468,0,0,0,0,0
12403,炼狱侍女,1002,2002,11086740,20,0,0,20,123468;123468;123468;123468,0,0,0,0,0
12404,炼狱侍女,1002,2002,17939400,85,0,160,25,123468;123468;123468;123468;123468,0,0,0,0,0
12405,阿格尼多克斯,2004,1004,424944,11,30,10,5,123469,0,0,0,0,0
12406,阿格尼多克斯,2004,1004,2207052,25,60,30,10,123469,0,0,0,0,0
12407,阿格尼多克斯,1002,2002,7420112,35,100,30,15,123469,0,0,0,0,0
12408,阿格尼多克斯,1002,2002,12072446,60,105,45,20,123469,0,0,0,0,0
12409,阿格尼多克斯,1002,2002,19554800,45,180,90,25,123469,0,0,0,0,0
12410,厄雷松,1002,2002,479544,15,30,20,5,123470,0,0,0,0,0
12411,厄雷松,2004,1004,2434744,30,35,40,10,123470,0,0,0,0,0
12412,厄雷松,1002,2002,7459992,35,110,40,15,123470,0,0,0,0,0
12413,厄雷松,1002,2002,13122480,75,55,55,20,123470,0,0,0,0,0
12414,厄雷松,1002,2002,20464000,50,180,90,25,123470,0,0,0,0,0
12415,钥匙守护者,1002,2002,542376,17,36,16,5,123471,0,0,0,0,0
12416,钥匙守护者,1002,2002,2628900,10,45,15,10,123471,0,0,0,0,0
12417,钥匙守护者,2001,1001,6841200,40,110,35,15,123471,0,0,0,0,0
12418,钥匙守护者,1002,2002,13880850,65,110,40,20,123471,0,0,0,0,0
12419,钥匙守护者,1002,2002,16458120,55,185,95,25,123471,0,0,0,0,0
